PLU_JUAL|PLU_BHN_BAKU|PLU_ADDITIONAL|PLU_PENGGANTI|KET_SPECIAL_REQUEST|VALUE|SATUAN|MAX_PLU_JUAL|MAX_ADD|KELOMPOK_SPCL_REQ
20099875|0|20069005|0|Espresso shot|1|PCS|4|4|Extra
20068998|0|20089832|0|Whip. Cream (+)|1|PCS|4|4|Extra
20068988|0|20069004|0|Coffee Jelly (+)|1|PCS|4|4|Topping
20103774|0|20069001|0|Vanilla Syrup (+)|1|PCS|4|4|Syrup
20111898|0|20069004|0|Coffee Jelly (+)|1|PCS|4|4|Topping
20069008|0|20069005|0|Espresso shot|1|PCS|4|4|Extra
20119613|0|20069001|0|Vanilla Syrup (+)|1|PCS|4|4|Syrup
20099876|0|20069005|0|Espresso shot|1|PCS|4|4|Extra
20069010|0|20069005|0|Espresso shot|1|PCS|4|4|Extra
20068989|0|20069005|0|Espresso shot|1|PCS|4|4|Extra
20072105|0|20069005|0|Espresso shot|1|PCS|4|4|Extra
20071969|0|20069005|0|Espresso shot|1|PCS|4|4|Extra
20074245|0|20069005|0|Espresso shot|1|PCS|4|4|Extra
20079739|0|20069005|0|Espresso shot|1|PCS|4|4|Extra
20090166|0|20069005|0|Espresso shot|1|PCS|4|4|Extra
20075779|0|20069005|0|Espresso shot|1|PCS|4|4|Extra
20068990|0|20069005|0|Espresso shot|1|PCS|4|4|Extra
20069011|0|20069005|0|Espresso shot|1|PCS|4|4|Extra
20085281|0|20069005|0|Espresso shot|1|PCS|4|4|Extra
20085282|0|20069005|0|Espresso shot|1|PCS|4|4|Extra
20085284|0|20069005|0|Espresso shot|1|PCS|4|4|Extra
20085283|0|20069005|0|Espresso shot|1|PCS|4|4|Extra
20069012|0|20069005|0|Espresso shot|1|PCS|4|4|Extra
20068992|0|20069005|0|Espresso shot|1|PCS|4|4|Extra
20099879|0|20069005|0|Espresso shot|1|PCS|4|4|Extra
20099880|0|20069005|0|Espresso shot|1|PCS|4|4|Extra
20099881|0|20069005|0|Espresso shot|1|PCS|4|4|Extra
20099882|0|20069005|0|Espresso shot|1|PCS|4|4|Extra
20099885|0|20069005|0|Espresso shot|1|PCS|4|4|Extra
20068988|0|20109819|0|Upsize (+)|1|PCS|4|1|Upsize
20099883|0|20069005|0|Espresso shot|1|PCS|4|4|Extra
20099884|0|20069005|0|Espresso shot|1|PCS|4|4|Extra
20069012|0|20109847|0|Upsize (+)|1|PCS|4|1|Upsize
20074245|0|20109856|0|Upsize (+)|1|PCS|4|1|Upsize
20093434|0|20069005|0|Espresso shot|1|PCS|4|4|Extra
20069014|0|20069005|0|Espresso shot|1|PCS|4|4|Extra
20068993|0|20069005|0|Espresso shot|1|PCS|4|4|Extra
20074247|0|20069004|0|Coffee Jelly (+)|1|PCS|4|4|Topping
20068995|0|20069005|0|Espresso shot|1|PCS|4|4|Extra
20074247|0|20089832|0|Whip. Cream (+)|1|PCS|4|4|Extra
20111898|0|20089832|0|Whip. Cream (+)|1|PCS|4|4|Extra
20085981|0|20069005|0|Espresso shot|1|PCS|4|4|Extra
20096791|0|20069005|0|Espresso shot|1|PCS|4|4|Extra
20095412|0|20069005|0|Espresso shot|1|PCS|4|4|Extra
20095413|0|20069005|0|Espresso shot|1|PCS|4|4|Extra
20101438|0|20069005|0|Espresso shot|1|PCS|4|4|Extra
20101437|0|20069005|0|Espresso shot|1|PCS|4|4|Extra
20070436|0|20069005|0|Espresso shot|1|PCS|4|4|Extra
20068999|0|20069005|0|Espresso shot|1|PCS|4|4|Extra
20093433|0|20069005|0|Espresso shot|1|PCS|4|4|Extra
20093432|0|20069005|0|Espresso shot|1|PCS|4|4|Extra
20112871|0|20069001|0|Vanilla Syrup (+)|1|PCS|4|4|Syrup
20112871|0|20069002|0|Caramel Syrup (+)|1|PCS|4|4|Syrup
20113168|0|20089832|0|Whip. Cream (+)|1|PCS|4|4|Extra
20113169|0|20069003|0|Hazelnut Syrup (+)|1|PCS|4|4|Syrup
20113169|0|20069002|0|Caramel Syrup (+)|1|PCS|4|4|Syrup
20068993|0|20101436|0|Tropicana Sgr|1|PCS|4|4|Others
20116852|0|20099888|0|Chocolate Sauce (+)|1|PCS|4|4|Sauce
20119613|0|20099887|0|Caramel Sauce (+)|1|PCS|4|4|Sauce
20119614|0|20069003|0||1|PCS|4|4|Syrup
20119614|0|20099887|0|Caramel Sauce (+)|1|PCS|4|4|Sauce
20119614|0|20069004|0|Coffee Jelly (+)|1|PCS|4|4|Topping
20119614|0|20104086|0|Nangka Jelly (+)|1|PCS|4|4|Topping
20119617|0|20098726|0|Tropical Jelly (+)|1|PCS|4|4|Topping
20119617|0|20069005|0|Espresso shot|1|PCS|4|4|Extra
20119617|0|20101436|0|Tropicana Sgr|1|PCS|4|4|Others
20119618|0|20069001|0|Vanilla Syrup (+)|1|PCS|4|4|Syrup
20119618|0|20069003|0|Hazelnut Syrup (+)|1|PCS|4|4|Syrup
20119618|0|20099888|0|Chocolate Sauce (+)|1|PCS|4|4|Sauce
20119618|0|20099887|0|Caramel Sauce (+)|1|PCS|4|4|Sauce
20119618|0|20069004|0|Coffee Jelly (+)|1|PCS|4|4|Topping
20114167|0|20069003|0|Hazelnut Syrup (+)|1|PCS|4|4|Syrup
20085283|0|20104086|0|Nangka Jelly (+)|1|PCS|4|4|Topping
20114167|0|20069002|0|Caramel Syrup (+)|1|PCS|4|4|Syrup
20114167|0|20099888|0|Chocolate Sauce (+)|1|PCS|4|4|Sauce
20114167|0|20099887|0|Caramel Sauce (+)|1|PCS|4|4|Sauce
20089518|0|20069003|0|Hazelnut Syrup (+)|1|PCS|4|4|Syrup
20114167|0|20096809|0|Brown Sugar Konyaku (+)|1|PCS|4|4|Topping
20114167|0|20098726|0|Tropical Jelly (+)|1|PCS|4|4|Topping
20089518|0|20069004|0|Coffee Jelly (+)|1|PCS|4|4|Topping
20114167|0|20069005|0|Espresso shot|1|PCS|4|4|Extra
20114167|0|20089832|0|Whip. Cream (+)|1|PCS|4|4|Extra
20114167|0|20101436|0|Tropicana Sgr|1|PCS|4|4|Others
20089518|0|20098726|0|Tropical Jelly (+)|1|PCS|4|4|Topping
20122041|0|20096809|0|Brown Sugar Konyaku (+)|1|PCS|4|4|Topping
20069008|0|20104086|0|Nangka Jelly (+)|1|PCS|4|4|Topping
20069013|0|20104086|0|Nangka Jelly (+)|1|PCS|4|4|Topping
20099876|0|20104086|0|Nangka Jelly (+)|1|PCS|4|4|Topping
20099886|0|20104086|0|Nangka Jelly (+)|1|PCS|4|4|Topping
20123045|0|20069005|0|Espresso shot|1|PCS|4|4|Extra
20123045|0|20101436|0|Tropicana Sgr|1|PCS|4|4|Others
20115138|0|20113628|0|Add Sauce Rte|1|PCS|4|4|Extra
20115138|0|20117227|0|Add Sauce Rte|1|PCS|4|4|Extra
20115138|0|20115038|0|Add Sauce Rte|1|PCS|4|4|Extra
20123049|0|20069005|0|Espresso shot|1|PCS|4|4|Extra
20115138|0|20120504|0|Add Sauce Rte|1|PCS|4|4|Extra
20115138|0|20117226|0|Add Sauce Rte|1|PCS|4|4|Extra
20120501|0|20113632|0|Add Sauce Rte|1|PCS|4|4|Extra
20120501|0|20115038|0|Add Sauce Rte|1|PCS|4|4|Extra
20099873|0|20123084|0|Add Cream Cheese (+)|1|PCS|4|4|Topping
20068986|0|20123084|0|Add Cream Cheese (+)|1|PCS|4|4|Topping
20069009|0|20123084|0|Add Cream Cheese (+)|1|PCS|4|4|Topping
20068988|0|20123084|0|Add Cream Cheese (+)|1|PCS|4|4|Topping
20099876|0|20123084|0|Add Cream Cheese (+)|1|PCS|4|4|Topping
20069010|0|20123084|0|Add Cream Cheese (+)|1|PCS|4|4|Topping
20068989|0|20123084|0|Add Cream Cheese (+)|1|PCS|4|4|Topping
20072105|0|20123084|0|Add Cream Cheese (+)|1|PCS|4|4|Topping
20071969|0|20123084|0|Add Cream Cheese (+)|1|PCS|4|4|Topping
20074245|0|20123084|0|Add Cream Cheese (+)|1|PCS|4|4|Topping
20085284|0|20123084|0|Add Cream Cheese (+)|1|PCS|4|4|Topping
20085283|0|20123084|0|Add Cream Cheese (+)|1|PCS|4|4|Topping
20069012|0|20123084|0|Add Cream Cheese (+)|1|PCS|4|4|Topping
20068992|0|20123084|0|Add Cream Cheese (+)|1|PCS|4|4|Topping
20099879|0|20123084|0|Add Cream Cheese (+)|1|PCS|4|4|Topping
20099880|0|20123084|0|Add Cream Cheese (+)|1|PCS|4|4|Topping
20099881|0|20123084|0|Add Cream Cheese (+)|1|PCS|4|4|Topping
20099882|0|20123084|0|Add Cream Cheese (+)|1|PCS|4|4|Topping
20099883|0|20123084|0|Add Cream Cheese (+)|1|PCS|4|4|Topping
20099884|0|20123084|0|Add Cream Cheese (+)|1|PCS|4|4|Topping
20069013|0|20123084|0|Add Cream Cheese (+)|1|PCS|4|4|Topping
20068991|0|20123084|0|Add Cream Cheese (+)|1|PCS|4|4|Topping
20113310|0|20123084|0|Add Cream Cheese (+)|1|PCS|4|4|Topping
20103278|0|20123084|0|Add Cream Cheese (+)|1|PCS|4|4|Topping
20115979|0|20123084|0|Add Cream Cheese (+)|1|PCS|4|4|Topping
20119614|0|20123055|0|Upsize (+)|1|PCS|4|1|Upsize
20123045|0|20123052|0|Upsize (+)|1|PCS|4|1|Upsize
20123047|0|20123054|0|Upsize (+)|1|PCS|4|1|Upsize
20119613|0|20123056|0|Upsize (+)|1|PCS|4|1|Upsize
20119616|0|20123057|0|Upsize (+)|1|PCS|4|1|Upsize
20069009|0|20069005|0|Espresso shot|1|PCS|4|4|Extra
20068986|0|20101436|0|Tropicana Sgr|1|PCS|4|4|Others
20071969|0|20109817|0|Upsize (+)|1|PCS|4|1|Upsize
20069007|0|20101436|0|Tropicana Sgr|1|PCS|4|4|Others
20069009|0|20101436|0|Tropicana Sgr|1|PCS|4|4|Others
20068988|0|20101436|0|Tropicana Sgr|1|PCS|4|4|Others
20069008|0|20101436|0|Tropicana Sgr|1|PCS|4|4|Others
20068987|0|20101436|0|Tropicana Sgr|1|PCS|4|4|Others
20099876|0|20101436|0|Tropicana Sgr|1|PCS|4|4|Others
20069010|0|20101436|0|Tropicana Sgr|1|PCS|4|4|Others
20069009|0|20069002|0|Caramel Syrup (+)|1|PCS|4|4|Syrup
20093432|0|20101436|0|Tropicana Sgr|1|PCS|4|4|Others
20069009|0|20089832|0|Whip. Cream (+)|1|PCS|4|4|Extra
20069009|0|20069004|0|Coffee Jelly (+)|1|PCS|4|4|Topping
20099874|0|20101436|0|Tropicana Sgr|1|PCS|4|4|Others
20090166|0|20101436|0|Tropicana Sgr|1|PCS|4|4|Others
20111898|0|20069001|0|Vanilla Syrup (+)|1|PCS|4|4|Syrup
20111898|0|20099888|0|Chocolate Sauce (+)|1|PCS|4|4|Sauce
20111898|0|20099887|0|Caramel Sauce (+)|1|PCS|4|4|Sauce
20111898|0|20101436|0|Tropicana Sgr|1|PCS|4|4|Others
20106106|0|20069001|0|Vanilla Syrup (+)|1|PCS|4|4|Syrup
20112871|0|20098726|0|Tropical Jelly (+)|1|PCS|4|4|Topping
20113168|0|20099887|0|Caramel Sauce (+)|1|PCS|4|4|Sauce
20113169|0|20099887|0|Caramel Sauce (+)|1|PCS|4|4|Sauce
20113169|0|20101436|0|Tropicana Sgr|1|PCS|4|4|Others
20068994|0|20109399|0|Ice Cube(+)|1|PCS|2|1|Extra
20082648|0|20109399|0|Ice Cube(+)|1|PCS|2|1|Extra
20082649|0|20109399|0|Ice Cube(+)|1|PCS|2|1|Extra
20085197|0|20109399|0|Ice Cube(+)|1|PCS|2|1|Extra
20094647|0|20109399|0|Ice Cube(+)|1|PCS|2|1|Extra
20094648|0|20109399|0|Ice Cube(+)|1|PCS|2|1|Extra
20069009|0|20099888|0|Chocolate Sauce (+)|1|PCS|4|4|Sauce
20094649|0|20109399|0|Ice Cube(+)|1|PCS|2|1|Extra
20094650|0|20109399|0|Ice Cube(+)|1|PCS|2|1|Extra
20069006|0|20089832|0|Whip. Cream (+)|1|PCS|4|4|Extra
20099873|0|20089832|0|Whip. Cream (+)|1|PCS|4|4|Extra
20099874|0|20089832|0|Whip. Cream (+)|1|PCS|4|4|Extra
20099875|0|20089832|0|Whip. Cream (+)|1|PCS|4|4|Extra
20096329|0|20096809|0|Brown Sugar Konyaku (+)|1|PCS|4|4|Topping
20096329|0|20098726|0|Tropical Jelly (+)|1|PCS|4|4|Topping
20096329|0|20104086|0|Nangka Jelly (+)|1|PCS|4|4|Topping
20116850|0|20069001|0|Vanilla Syrup (+)|1|PCS|4|4|Syrup
20069008|0|20089832|0|Whip. Cream (+)|1|PCS|4|4|Extra
20115979|0|20069001|0|Vanilla Syrup (+)|1|PCS|4|4|Syrup
20099876|0|20089832|0|Whip. Cream (+)|1|PCS|4|4|Extra
20069010|0|20089832|0|Whip. Cream (+)|1|PCS|4|4|Extra
20068989|0|20089832|0|Whip. Cream (+)|1|PCS|4|4|Extra
20072105|0|20089832|0|Whip. Cream (+)|1|PCS|4|4|Extra
20071969|0|20089832|0|Whip. Cream (+)|1|PCS|4|4|Extra
20074245|0|20089832|0|Whip. Cream (+)|1|PCS|4|4|Extra
20079739|0|20089832|0|Whip. Cream (+)|1|PCS|4|4|Extra
20090166|0|20089832|0|Whip. Cream (+)|1|PCS|4|4|Extra
20075779|0|20089832|0|Whip. Cream (+)|1|PCS|4|4|Extra
20068990|0|20089832|0|Whip. Cream (+)|1|PCS|4|4|Extra
20069011|0|20089832|0|Whip. Cream (+)|1|PCS|4|4|Extra
20085281|0|20089832|0|Whip. Cream (+)|1|PCS|4|4|Extra
20085282|0|20089832|0|Whip. Cream (+)|1|PCS|4|4|Extra
20085284|0|20089832|0|Whip. Cream (+)|1|PCS|4|4|Extra
20085283|0|20089832|0|Whip. Cream (+)|1|PCS|4|4|Extra
20069012|0|20089832|0|Whip. Cream (+)|1|PCS|4|4|Extra
20068992|0|20089832|0|Whip. Cream (+)|1|PCS|4|4|Extra
20099879|0|20089832|0|Whip. Cream (+)|1|PCS|4|4|Extra
20099880|0|20089832|0|Whip. Cream (+)|1|PCS|4|4|Extra
20099881|0|20089832|0|Whip. Cream (+)|1|PCS|4|4|Extra
20099882|0|20089832|0|Whip. Cream (+)|1|PCS|4|4|Extra
20099885|0|20089832|0|Whip. Cream (+)|1|PCS|4|4|Extra
20116850|0|20069003|0|Hazelnut Syrup (+)|1|PCS|4|4|Syrup
20099883|0|20089832|0|Whip. Cream (+)|1|PCS|4|4|Extra
20099884|0|20089832|0|Whip. Cream (+)|1|PCS|4|4|Extra
20116850|0|20099887|0|Caramel Sauce (+)|1|PCS|4|4|Sauce
20119615|0|20098726|0|Tropical Jelly (+)|1|PCS|4|4|Topping
20093434|0|20089832|0|Whip. Cream (+)|1|PCS|4|4|Extra
20069014|0|20089832|0|Whip. Cream (+)|1|PCS|4|4|Extra
20068993|0|20089832|0|Whip. Cream (+)|1|PCS|4|4|Extra
20119615|0|20104086|0|Nangka Jelly (+)|1|PCS|4|4|Topping
20068995|0|20089832|0|Whip. Cream (+)|1|PCS|4|4|Extra
20119617|0|20069003|0|Hazelnut Syrup (+)|1|PCS|4|4|Syrup
20119617|0|20069002|0|Caramel Syrup (+)|1|PCS|4|4|Syrup
20085981|0|20089832|0|Whip. Cream (+)|1|PCS|4|4|Extra
20096791|0|20089832|0|Whip. Cream (+)|1|PCS|4|4|Extra
20095412|0|20089832|0|Whip. Cream (+)|1|PCS|4|4|Extra
20095413|0|20089832|0|Whip. Cream (+)|1|PCS|4|4|Extra
20101438|0|20089832|0|Whip. Cream (+)|1|PCS|4|4|Extra
20101437|0|20089832|0|Whip. Cream (+)|1|PCS|4|4|Extra
20070436|0|20089832|0|Whip. Cream (+)|1|PCS|4|4|Extra
20068999|0|20089832|0|Whip. Cream (+)|1|PCS|4|4|Extra
20093433|0|20089832|0|Whip. Cream (+)|1|PCS|4|4|Extra
20093432|0|20089832|0|Whip. Cream (+)|1|PCS|4|4|Extra
20119617|0|20099888|0|Chocolate Sauce (+)|1|PCS|4|4|Sauce
20119618|0|20098726|0|Tropical Jelly (+)|1|PCS|4|4|Topping
20113309|0|20089832|0|Whip. Cream (+)|1|PCS|4|4|Extra
20113309|0|20069005|0|Espresso shot|1|PCS|4|4|Extra
20113310|0|20099887|0|Caramel Sauce (+)|1|PCS|4|4|Sauce
20113310|0|20069004|0|Coffee Jelly (+)|1|PCS|4|4|Topping
20113310|0|20096809|0|Brown Sugar Konyaku (+)|1|PCS|4|4|Topping
20119618|0|20104086|0|Nangka Jelly (+)|1|PCS|4|4|Topping
20113309|0|20113311|0|Upsize (+)|1|PCS|4|1|Upsize
20089518|0|20069001|0|Vanilla Syrup (+)|1|PCS|4|4|Syrup
20089518|0|20099887|0|Caramel Sauce (+)|1|PCS|4|4|Sauce
20089518|0|20096809|0|Brown Sugar Konyaku (+)|1|PCS|4|4|Topping
20089518|0|20104086|0|Nangka Jelly (+)|1|PCS|4|4|Topping
20122041|0|20069001|0|Vanilla Syrup (+)|1|PCS|4|4|Syrup
20122041|0|20069003|0|Hazelnut Syrup (+)|1|PCS|4|4|Syrup
20122041|0|20069002|0|Caramel Syrup (+)|1|PCS|4|4|Syrup
20122041|0|20099888|0|Chocolate Sauce (+)|1|PCS|4|4|Sauce
20122041|0|20099887|0|Caramel Sauce (+)|1|PCS|4|4|Sauce
20122041|0|20069004|0|Coffee Jelly (+)|1|PCS|4|4|Topping
20071969|0|20101436|0|Tropicana Sgr|1|PCS|4|4|Others
20072105|0|20104086|0|Nangka Jelly (+)|1|PCS|4|4|Topping
20069006|0|20123084|0|Add Cream Cheese (+)|1|PCS|4|4|Topping
20099885|0|20123084|0|Add Cream Cheese (+)|1|PCS|4|4|Topping
20113363|0|20120505|0|Add Sauce Rte|1|PCS|4|4|Extra
20115138|0|20113632|0|Add Sauce Rte|1|PCS|4|4|Extra
20115138|0|20113630|0|Add Sauce Rte|1|PCS|4|4|Extra
20115138|0|20115039|0|Add Sauce Rte|1|PCS|4|4|Extra
20115138|0|20120505|0|Add Sauce Rte|1|PCS|4|4|Extra
20115138|0|20117225|0|Add Sauce Rte|1|PCS|4|4|Extra
20123047|0|20069001|0|Vanilla Syrup (+)|1|PCS|4|4|Syrup
20093434|0|20123084|0|Add Cream Cheese (+)|1|PCS|4|4|Topping
20068997|0|20123084|0|Add Cream Cheese (+)|1|PCS|4|4|Topping
20068998|0|20123084|0|Add Cream Cheese (+)|1|PCS|4|4|Topping
20096791|0|20123084|0|Add Cream Cheese (+)|1|PCS|4|4|Topping
20103280|0|20069002|0|Caramel Syrup (+)|1|PCS|4|4|Syrup
20085263|0|20069005|0|Espresso shot|1|PCS|4|4|Extra
20085263|0|20089832|0|Whip. Cream (+)|1|PCS|4|4|Extra
20074247|0|20099887|0|Caramel Sauce (+)|1|PCS|4|4|Sauce
20068998|0|20069005|0|Espresso shot|1|PCS|4|4|Extra
20068998|0|20069003|0|Hazelnut Syrup (+)|1|PCS|4|4|Syrup
20068998|0|20096809|0|Brown Sugar Konyaku (+)|1|PCS|4|4|Topping
20068998|0|20069001|0|Vanilla Syrup (+)|1|PCS|4|4|Syrup
20103280|0|20069005|0|Espresso shot|1|PCS|4|4|Extra
20103280|0|20089832|0|Whip. Cream (+)|1|PCS|4|4|Extra
20103280|0|20069003|0|Hazelnut Syrup (+)|1|PCS|4|4|Syrup
20103280|0|20096809|0|Brown Sugar Konyaku (+)|1|PCS|4|4|Topping
20103280|0|20069001|0|Vanilla Syrup (+)|1|PCS|4|4|Syrup
20103280|0|20069004|0|Coffee Jelly (+)|1|PCS|4|4|Topping
20103280|0|20099887|0|Caramel Sauce (+)|1|PCS|4|4|Sauce
20103280|0|20099888|0|Chocolate Sauce (+)|1|PCS|4|4|Sauce
20103280|0|20098726|0|Tropical Jelly (+)|1|PCS|4|4|Topping
20103703|0|20069005|0|Espresso shot|1|PCS|4|4|Extra
20085263|0|20069002|0|Caramel Syrup (+)|1|PCS|4|4|Syrup
20085263|0|20069003|0|Hazelnut Syrup (+)|1|PCS|4|4|Syrup
20085263|0|20099887|0|Caramel Sauce (+)|1|PCS|4|4|Sauce
20085263|0|20098726|0|Tropical Jelly (+)|1|PCS|4|4|Topping
20069008|0|20109825|0|Upsize (+)|1|PCS|4|1|Upsize
20085283|0|20109813|0|Upsize (+)|1|PCS|4|1|Upsize
20099886|0|20101436|0|Tropicana Sgr|1|PCS|4|4|Others
20112871|0|20069004|0|Coffee Jelly (+)|1|PCS|4|4|Topping
20112871|0|20069005|0|Espresso shot|1|PCS|4|4|Extra
20112871|0|20099888|0|Chocolate Sauce (+)|1|PCS|4|4|Sauce
20115979|0|20098726|0|Tropical Jelly (+)|1|PCS|4|4|Topping
20113168|0|20096809|0|Brown Sugar Konyaku (+)|1|PCS|4|4|Topping
20113169|0|20096809|0|Brown Sugar Konyaku (+)|1|PCS|4|4|Topping
20103278|0|20104086|0|Nangka Jelly (+)|1|PCS|4|4|Topping
20096329|0|20089832|0|Whip. Cream (+)|1|PCS|4|4|Extra
20115961|0|20096809|0|Brown Sugar Konyaku (+)|1|PCS|4|4|Topping
20115961|0|20104086|0|Nangka Jelly (+)|1|PCS|4|4|Topping
20113310|0|20089832|0|Whip. Cream (+)|1|PCS|4|4|Extra
20114167|0|20069001|0|Vanilla Syrup (+)|1|PCS|4|4|Syrup
20112871|0|20104086|0|Nangka Jelly (+)|1|PCS|4|4|Topping
20115961|0|20069005|0|Espresso shot|1|PCS|4|4|Extra
20115961|0|20101436|0|Tropicana Sgr|1|PCS|4|4|Others
20115979|0|20109399|0|Ice Cube(+)|1|PCS|4|4|Extra
20116852|0|20104086|0|Nangka Jelly (+)|1|PCS|4|4|Topping
20119615|0|20069004|0|Coffee Jelly (+)|1|PCS|4|4|Topping
20119615|0|20096809|0|Brown Sugar Konyaku (+)|1|PCS|4|4|Topping
20119615|0|20069005|0|Espresso shot|1|PCS|4|4|Extra
20119617|0|20069001|0|Vanilla Syrup (+)|1|PCS|4|4|Syrup
20119617|0|20099887|0|Caramel Sauce (+)|1|PCS|4|4|Sauce
20082342|0|20098726|0|Tropical Jelly (+)|1|PCS|4|4|Topping
20082342|0|20089832|0|Whip. Cream (+)|1|PCS|4|4|Extra
20123047|0|20099887|0|Caramel Sauce (+)|1|PCS|4|4|Sauce
20115138|0|20120503|0|Add Sauce Rte|1|PCS|4|4|Extra
20120501|0|20115039|0|Add Sauce Rte|1|PCS|4|4|Extra
20123047|0|20069004|0|Coffee Jelly (+)|1|PCS|4|4|Topping
20120502|0|20120503|0|Add Sauce Rte|1|PCS|4|4|Extra
20120502|0|20117226|0|Add Sauce Rte|1|PCS|4|4|Extra
20123047|0|20099888|0|Chocolate Sauce (+)|1|PCS|4|4|Sauce
20123047|0|20096809|0|Brown Sugar Konyaku (+)|1|PCS|4|4|Topping
20123047|0|20098726|0|Tropical Jelly (+)|1|PCS|4|4|Topping
20123047|0|20104086|0|Nangka Jelly (+)|1|PCS|4|4|Topping
20123047|0|20069005|0|Espresso shot|1|PCS|4|4|Extra
20123047|0|20089832|0|Whip. Cream (+)|1|PCS|4|4|Extra
20123048|0|20069001|0|Vanilla Syrup (+)|1|PCS|4|4|Syrup
20123048|0|20069003|0|Hazelnut Syrup (+)|1|PCS|4|4|Syrup
20123048|0|20069002|0|Caramel Syrup (+)|1|PCS|4|4|Syrup
20123048|0|20099887|0|Caramel Sauce (+)|1|PCS|4|4|Sauce
20123064|0|20109399|0|Ice Cube(+)|1|PCS|4|4|Extra
20123065|0|20109399|0|Ice Cube(+)|1|PCS|4|4|Extra
20119618|0|20123084|0|Add Cream Cheese (+)|1|PCS|4|4|Topping
20113169|0|20123084|0|Add Cream Cheese (+)|1|PCS|4|4|Topping
20096329|0|20123084|0|Add Cream Cheese (+)|1|PCS|4|4|Topping
20124302|0|20069001|0|Vanilla Syrup (+)|1|PCS|4|4|Syrup
20123048|0|20123058|0|Upsize (+)|1|PCS|4|1|Upsize
20119615|0|20123059|0|Upsize (+)|1|PCS|4|1|Upsize
20119617|0|20123060|0|Upsize (+)|1|PCS|4|1|Upsize
20119618|0|20123061|0|Upsize (+)|1|PCS|4|1|Upsize
20123049|0|20123062|0|Upsize (+)|1|PCS|4|1|Upsize
20124302|0|20069003|0|Hazelnut Syrup (+)|1|PCS|4|4|Syrup
20124302|0|20069002|0|Caramel Syrup (+)|1|PCS|4|4|Syrup
20124302|0|20099888|0|Chocolate Sauce (+)|1|PCS|4|4|Sauce
20124302|0|20069004|0|Coffee Jelly (+)|1|PCS|4|4|Topping
20124302|0|20096809|0|Brown Sugar Konyaku (+)|1|PCS|4|4|Topping
20124302|0|20104086|0|Nangka Jelly (+)|1|PCS|4|4|Topping
20125091|0|20069001|0|Vanilla Syrup (+)|1|PCS|4|4|Syrup
20125091|0|20099888|0|Chocolate Sauce (+)|1|PCS|4|4|Sauce
20125091|0|20069004|0|Coffee Jelly (+)|1|PCS|4|4|Topping
20125091|0|20096809|0|Brown Sugar Konyaku (+)|1|PCS|4|4|Topping
20125091|0|20098726|0|Tropical Jelly (+)|1|PCS|4|4|Topping
20125091|0|20104086|0|Nangka Jelly (+)|1|PCS|4|4|Topping
20125091|0|20069005|0|Espresso shot|1|PCS|4|4|Extra
20125091|0|20089832|0|Whip. Cream (+)|1|PCS|4|4|Extra
20125091|0|20123084|0|Add Cream Cheese (+)|1|PCS|4|4|Topping
20125092|0|20069001|0|Vanilla Syrup (+)|1|PCS|4|4|Syrup
20125092|0|20069003|0|Hazelnut Syrup (+)|1|PCS|4|4|Syrup
20125092|0|20069002|0|Caramel Syrup (+)|1|PCS|4|4|Syrup
20125092|0|20099887|0|Caramel Sauce (+)|1|PCS|4|4|Sauce
20125092|0|20104086|0|Nangka Jelly (+)|1|PCS|4|4|Topping
20125092|0|20123084|0|Add Cream Cheese (+)|1|PCS|4|4|Topping
20125093|0|20069003|0|Hazelnut Syrup (+)|1|PCS|4|4|Syrup
20125093|0|20099888|0|Chocolate Sauce (+)|1|PCS|4|4|Sauce
20125093|0|20069004|0|Coffee Jelly (+)|1|PCS|4|4|Topping
20125093|0|20096809|0|Brown Sugar Konyaku (+)|1|PCS|4|4|Topping
20125093|0|20098726|0|Tropical Jelly (+)|1|PCS|4|4|Topping
20125093|0|20069005|0|Espresso shot|1|PCS|4|4|Extra
20125093|0|20089832|0|Whip. Cream (+)|1|PCS|4|4|Extra
20125093|0|20123084|0|Add Cream Cheese (+)|1|PCS|4|4|Topping
20124300|0|20069001|0|Vanilla Syrup (+)|1|PCS|4|4|Syrup
20124300|0|20069002|0|Caramel Syrup (+)|1|PCS|4|4|Syrup
20124300|0|20096809|0|Brown Sugar Konyaku (+)|1|PCS|4|4|Topping
20124300|0|20104086|0|Nangka Jelly (+)|1|PCS|4|4|Topping
20124300|0|20069005|0|Espresso shot|1|PCS|4|4|Extra
20124300|0|20089832|0|Whip. Cream (+)|1|PCS|4|4|Extra
20124300|0|20101436|0|Tropicana Sgr|1|PCS|4|4|Others
20124301|0|20124344|0|NORMAL|1|PCS|4|4|
20124301|0|20069003|0|Hazelnut Syrup (+)|1|PCS|4|4|Syrup
20124301|0|20099888|0|Chocolate Sauce (+)|1|PCS|4|4|Sauce
20124301|0|20101436|0|Tropicana Sgr|1|PCS|4|4|Others
20103280|0|20098726|0|Tropical Jelly (+)|1|PCS|4|4|Topping
20103703|0|20069002|0|Caramel Syrup (+)|1|PCS|4|4|Syrup
20103774|0|20069003|0|Hazelnut Syrup (+)|1|PCS|4|4|Syrup
20074247|0|20096809|0|Brown Sugar Konyaku (+)|1|PCS|4|4|Topping
20068991|0|20099888|0|Chocolate Sauce (+)|1|PCS|4|4|Sauce
20074247|0|20109809|0|Upsize (+)|1|PCS|4|1|Upsize
20103705|0|20099887|0|Caramel Sauce (+)|1|PCS|4|4|Sauce
20069013|0|20109852|0|Upsize (+)|1|PCS|4|1|Upsize
20095413|0|20101436|0|Tropicana Sgr|1|PCS|4|4|Others
20095412|0|20101436|0|Tropicana Sgr|1|PCS|4|4|Others
20112871|0|20069003|0|Hazelnut Syrup (+)|1|PCS|4|4|Syrup
20113168|0|20099888|0|Chocolate Sauce (+)|1|PCS|4|4|Sauce
20113169|0|20098726|0|Tropical Jelly (+)|1|PCS|4|4|Topping
20115961|0|20098726|0|Tropical Jelly (+)|1|PCS|4|4|Topping
20115961|0|20089832|0|Whip. Cream (+)|1|PCS|4|4|Extra
20114167|0|20069004|0|Coffee Jelly (+)|1|PCS|4|4|Topping
20116852|0|20099887|0|Caramel Sauce (+)|1|PCS|4|4|Sauce
20113310|0|20069005|0|Espresso shot|1|PCS|4|4|Extra
20114169|0|20069005|0|Espresso shot|1|PCS|4|4|Extra
20114169|0|20089832|0|Whip. Cream (+)|1|PCS|4|4|Extra
20114169|0|20101436|0|Tropicana Sgr|1|PCS|4|4|Others
20116852|0|20069004|0|Coffee Jelly (+)|1|PCS|4|4|Topping
20114170|0|20069002|0|Caramel Syrup (+)|1|PCS|4|4|Syrup
20114170|0|20099888|0|Chocolate Sauce (+)|1|PCS|4|4|Sauce
20114170|0|20099887|0|Caramel Sauce (+)|1|PCS|4|4|Sauce
20114170|0|20069001|0|Vanilla Syrup (+)|1|PCS|4|4|Syrup
20114170|0|20069004|0|Coffee Jelly (+)|1|PCS|4|4|Topping
20114170|0|20096809|0|Brown Sugar Konyaku (+)|1|PCS|4|4|Topping
20114170|0|20098726|0|Tropical Jelly (+)|1|PCS|4|4|Topping
20116852|0|20096809|0|Brown Sugar Konyaku (+)|1|PCS|4|4|Topping
20114170|0|20069005|0|Espresso shot|1|PCS|4|4|Extra
20114170|0|20089832|0|Whip. Cream (+)|1|PCS|4|4|Extra
20114170|0|20101436|0|Tropicana Sgr|1|PCS|4|4|Others
20116852|0|20069005|0|Espresso shot|1|PCS|4|4|Extra
20119614|0|20069002|0|Caramel Syrup (+)|1|PCS|4|4|Syrup
20119615|0|20101436|0|Tropicana Sgr|1|PCS|4|4|Others
20119617|0|20104086|0|Nangka Jelly (+)|1|PCS|4|4|Topping
20114168|0|20069004|0|Coffee Jelly (+)|1|PCS|4|4|Topping
20082342|0|20069003|0|Hazelnut Syrup (+)|1|PCS|4|4|Syrup
20122041|0|20089832|0|Whip. Cream (+)|1|PCS|4|4|Extra
20069007|0|20104086|0|Nangka Jelly (+)|1|PCS|4|4|Topping
20074245|0|20104086|0|Nangka Jelly (+)|1|PCS|4|4|Topping
20125091|0|20099887|0|Caramel Sauce (+)|1|PCS|4|4|Sauce
20068996|0|20101436|0|Tropicana Sgr|1|PCS|4|4|Others
20113363|0|20117227|0|Add Sauce Rte|1|PCS|4|4|Extra
20113363|0|20120504|0|Add Sauce Rte|1|PCS|4|4|Extra
20113363|0|20117226|0|Add Sauce Rte|1|PCS|4|4|Extra
20113364|0|20113628|0|Add Sauce Rte|1|PCS|4|4|Extra
20123045|0|20069002|0|Caramel Syrup (+)|1|PCS|4|4|Syrup
20113364|0|20120503|0|Add Sauce Rte|1|PCS|4|4|Extra
20113364|0|20117226|0|Add Sauce Rte|1|PCS|4|4|Extra
20120501|0|20120505|0|Add Sauce Rte|1|PCS|4|4|Extra
20068996|0|20069002|0|Caramel Syrup (+)|1|PCS|4|4|Syrup
20123045|0|20099888|0|Chocolate Sauce (+)|1|PCS|4|4|Sauce
20123045|0|20099887|0|Caramel Sauce (+)|1|PCS|4|4|Sauce
20123045|0|20069020|0|Coffee Jelly (+)|1|PCS|4|4|Modif Topping
20123045|0|20096809|0|Brown Sugar Konyaku (+)|1|PCS|4|4|Topping
20123045|0|20098726|0|Tropical Jelly (+)|1|PCS|4|4|Topping
20123045|0|20104086|0|Nangka Jelly (+)|1|PCS|4|4|Topping
20123048|0|20069005|0|Espresso shot|1|PCS|4|4|Extra
20123046|0|20123084|0|Add Cream Cheese (+)|1|PCS|4|4|Topping
20123047|0|20069003|0|Hazelnut Syrup (+)|1|PCS|4|4|Syrup
20123048|0|20089832|0|Whip. Cream (+)|1|PCS|4|4|Extra
20123048|0|20101436|0|Tropicana Sgr|1|PCS|4|4|Others
20123049|0|20089832|0|Whip. Cream (+)|1|PCS|4|4|Extra
20069007|0|20123084|0|Add Cream Cheese (+)|1|PCS|4|4|Topping
20113309|0|20123084|0|Add Cream Cheese (+)|1|PCS|4|4|Topping
20101437|0|20123084|0|Add Cream Cheese (+)|1|PCS|4|4|Topping
20068996|0|20123051|0|Upsize (+)|1|PCS|4|1|Upsize
20103278|0|20123063|0|Upsize (+)|1|PCS|4|1|Upsize
20125092|0|20069004|0|Coffee Jelly (+)|1|PCS|4|4|Topping
20125092|0|20096809|0|Brown Sugar Konyaku (+)|1|PCS|4|4|Topping
20125092|0|20098726|0|Tropical Jelly (+)|1|PCS|4|4|Topping
20125093|0|20069001|0|Vanilla Syrup (+)|1|PCS|4|4|Syrup
20125093|0|20069002|0|Caramel Syrup (+)|1|PCS|4|4|Syrup
20125093|0|20099887|0|Caramel Sauce (+)|1|PCS|4|4|Sauce
20125093|0|20104086|0|Nangka Jelly (+)|1|PCS|4|4|Topping
20124300|0|20098726|0|Tropical Jelly (+)|1|PCS|4|4|Topping
20124300|0|20124343|0|NORMAL|1|PCS|4|4|
20124301|0|20069005|0|Espresso shot|1|PCS|4|4|Extra
20103704|0|20098726|0|Tropical Jelly (+)|1|PCS|4|4|Topping
20068987|0|20089832|0|Whip. Cream (+)|1|PCS|4|4|Extra
20099880|0|20109842|0|Upsize (+)|1|PCS|4|1|Upsize
20068987|0|20069001|0|Vanilla Syrup (+)|1|PCS|4|4|Syrup
20099877|0|20109399|0|Ice Cube(+)|1|PCS|2|1|Extra
20103705|0|20069002|0|Caramel Syrup (+)|1|PCS|4|4|Syrup
20068987|0|20099888|0|Chocolate Sauce (+)|1|PCS|4|4|Sauce
20069009|0|20098726|0|Tropical Jelly (+)|1|PCS|4|4|Topping
20103705|0|20069005|0|Espresso shot|1|PCS|4|4|Extra
20103705|0|20089832|0|Whip. Cream (+)|1|PCS|4|4|Extra
20103705|0|20069003|0|Hazelnut Syrup (+)|1|PCS|4|4|Syrup
20103705|0|20096809|0|Brown Sugar Konyaku (+)|1|PCS|4|4|Topping
20103705|0|20069001|0|Vanilla Syrup (+)|1|PCS|4|4|Syrup
20103705|0|20069004|0|Coffee Jelly (+)|1|PCS|4|4|Topping
20103705|0|20099887|0|Caramel Sauce (+)|1|PCS|4|4|Sauce
20103705|0|20099888|0|Chocolate Sauce (+)|1|PCS|4|4|Sauce
20103705|0|20098726|0|Tropical Jelly (+)|1|PCS|4|4|Topping
20103706|0|20069005|0|Espresso shot|1|PCS|4|4|Extra
20103706|0|20069002|0|Caramel Syrup (+)|1|PCS|4|4|Syrup
20085263|0|20069001|0|Vanilla Syrup (+)|1|PCS|4|4|Syrup
20106106|0|20069002|0|Caramel Syrup (+)|1|PCS|4|4|Syrup
20099885|0|20109858|0|Upsize (+)|1|PCS|4|1|Upsize
20099883|0|20109854|0|Upsize (+)|1|PCS|4|1|Upsize
20099884|0|20109855|0|Upsize (+)|1|PCS|4|1|Upsize
20068998|0|20101436|0|Tropicana Sgr|1|PCS|4|4|Others
20099878|0|20109399|0|Ice Cube(+)|1|PCS|2|1|Extra
20096329|0|20069003|0|Hazelnut Syrup (+)|1|PCS|4|4|Syrup
20096329|0|20099887|0|Caramel Sauce (+)|1|PCS|4|4|Sauce
20115979|0|20069002|0|Caramel Syrup (+)|1|PCS|4|4|Syrup
20115979|0|20099888|0|Chocolate Sauce (+)|1|PCS|4|4|Sauce
20115979|0|20089832|0|Whip. Cream (+)|1|PCS|4|4|Extra
20119618|0|20069002|0|Caramel Syrup (+)|1|PCS|4|4|Syrup
20089518|0|20101436|0|Tropicana Sgr|1|PCS|4|4|Others
20096791|0|20104086|0|Nangka Jelly (+)|1|PCS|4|4|Topping
20124302|0|20123084|0|Add Cream Cheese (+)|1|PCS|4|4|Topping
20113361|0|20113628|0|Add Sauce Rte|1|PCS|4|4|Extra
20113363|0|20117225|0|Add Sauce Rte|1|PCS|4|4|Extra
20113363|0|20120503|0|Add Sauce Rte|1|PCS|4|4|Extra
20120501|0|20113628|0|Add Sauce Rte|1|PCS|4|4|Extra
20120501|0|20117227|0|Add Sauce Rte|1|PCS|4|4|Extra
20120501|0|20113630|0|Add Sauce Rte|1|PCS|4|4|Extra
20123046|0|20069001|0|Vanilla Syrup (+)|1|PCS|4|4|Syrup
20123048|0|20104086|0|Nangka Jelly (+)|1|PCS|4|4|Topping
20113309|0|20101436|0|Tropicana Sgr|1|PCS|4|4|Others
20113310|0|20101436|0|Tropicana Sgr|1|PCS|4|4|Others
20085281|0|20123084|0|Add Cream Cheese (+)|1|PCS|4|4|Topping
20114168|0|20069001|0|Vanilla Syrup (+)|1|PCS|4|4|Syrup
20114168|0|20069003|0|Hazelnut Syrup (+)|1|PCS|4|4|Syrup
20114168|0|20069002|0|Caramel Syrup (+)|1|PCS|4|4|Syrup
20114168|0|20099888|0|Chocolate Sauce (+)|1|PCS|4|4|Sauce
20114168|0|20099887|0|Caramel Sauce (+)|1|PCS|4|4|Sauce
20124302|0|20069005|0|NORMAL|1|PCS|4|4|Extra
20124302|0|20101436|0|Tropicana Sgr|1|PCS|4|4|Others
20125092|0|20069005|0|Espresso shot|1|PCS|4|4|Extra
20125092|0|20089832|0|Whip. Cream (+)|1|PCS|4|4|Extra
20114170|0|20069003|0|Hazelnut Syrup (+)|1|PCS|4|4|Syrup
20124301|0|20069001|0|Vanilla Syrup (+)|1|PCS|4|4|Syrup
20124301|0|20099887|0|Caramel Sauce (+)|1|PCS|4|4|Sauce
20124301|0|20098726|0|Tropical Jelly (+)|1|PCS|4|4|Topping
20124301|0|20123084|0|Add Cream Cheese (+)|1|PCS|4|4|Topping
20103774|0|20098726|0|Tropical Jelly (+)|1|PCS|4|4|Topping
20103774|0|20096809|0|Brown Sugar Konyaku (+)|1|PCS|4|4|Topping
20068991|0|20098726|0|Tropical Jelly (+)|1|PCS|4|4|Topping
20111897|0|20069001|0|Vanilla Syrup (+)|1|PCS|4|4|Syrup
20095413|0|20109845|0|Upsize (+)|1|PCS|4|1|Upsize
20069011|0|20109810|0|Upsize (+)|1|PCS|4|1|Upsize
20111897|0|20069002|0|Caramel Syrup (+)|1|PCS|4|4|Syrup
20111897|0|20101436|0|Tropicana Sgr|1|PCS|4|4|Others
20111897|0|20099888|0|Chocolate Sauce (+)|1|PCS|4|4|Sauce
20111897|0|20099887|0|Caramel Sauce (+)|1|PCS|4|4|Sauce
20112871|0|20099887|0|Caramel Sauce (+)|1|PCS|4|4|Sauce
20112871|0|20101436|0|Tropicana Sgr|1|PCS|4|4|Others
20113168|0|20069004|0|Coffee Jelly (+)|1|PCS|4|4|Topping
20096329|0|20109399|0|Ice Cube(+)|1|PCS|4|4|Extra
20116844|0|20069004|0|Coffee Jelly (+)|1|PCS|4|4|Topping
20116844|0|20096809|0|Brown Sugar Konyaku (+)|1|PCS|4|4|Topping
20116844|0|20098726|0|Tropical Jelly (+)|1|PCS|4|4|Topping
20116844|0|20104086|0|Nangka Jelly (+)|1|PCS|4|4|Topping
20116844|0|20069005|0|Espresso shot|1|PCS|4|4|Extra
20116844|0|20089832|0|Whip. Cream (+)|1|PCS|4|4|Extra
20116844|0|20101436|0|Tropicana Sgr|1|PCS|4|4|Others
20119615|0|20069003|0|Hazelnut Syrup (+)|1|PCS|4|4|Syrup
20119615|0|20099888|0|Chocolate Sauce (+)|1|PCS|4|4|Sauce
20095412|0|20104086|0|Nangka Jelly (+)|1|PCS|4|4|Topping
20096791|0|20101436|0|Tropicana Sgr|1|PCS|4|4|Others
20099874|0|20104086|0|Nangka Jelly (+)|1|PCS|4|4|Topping
20099875|0|20104086|0|Nangka Jelly (+)|1|PCS|4|4|Topping
20124302|0|20099887|0|Caramel Sauce (+)|1|PCS|4|4|Sauce
20125091|0|20069003|0|Hazelnut Syrup (+)|1|PCS|4|4|Syrup
20113361|0|20115038|0|Add Sauce Rte|1|PCS|4|4|Extra
20113309|0|20096809|0|Brown Sugar Konyaku (+)|1|PCS|4|4|Topping
20113309|0|20098726|0|Tropical Jelly (+)|1|PCS|4|4|Topping
20120502|0|20113632|0|Add Sauce Rte|1|PCS|4|4|Extra
20120502|0|20115039|0|Add Sauce Rte|1|PCS|4|4|Extra
20120502|0|20120505|0|Add Sauce Rte|1|PCS|4|4|Extra
20120502|0|20120504|0|Add Sauce Rte|1|PCS|4|4|Extra
20123046|0|20069003|0|Hazelnut Syrup (+)|1|PCS|4|4|Syrup
20123046|0|20069002|0|Caramel Syrup (+)|1|PCS|4|4|Syrup
20123046|0|20099888|0|Chocolate Sauce (+)|1|PCS|4|4|Sauce
20123046|0|20099887|0|Caramel Sauce (+)|1|PCS|4|4|Sauce
20123046|0|20069020|0|Coffee Jelly (+)|1|PCS|4|4|Modif Topping
20123046|0|20096809|0|Brown Sugar Konyaku (+)|1|PCS|4|4|Topping
20123046|0|20098726|0|Tropical Jelly (+)|1|PCS|4|4|Topping
20123046|0|20104086|0|Nangka Jelly (+)|1|PCS|4|4|Topping
20123046|0|20069005|0|Espresso shot|1|PCS|4|4|Extra
20123048|0|20069004|0|Coffee Jelly (+)|1|PCS|4|4|Topping
20099875|0|20123084|0|Add Cream Cheese (+)|1|PCS|4|4|Topping
20069008|0|20123084|0|Add Cream Cheese (+)|1|PCS|4|4|Topping
20068987|0|20123084|0|Add Cream Cheese (+)|1|PCS|4|4|Topping
20122041|0|20123084|0|Add Cream Cheese (+)|1|PCS|4|4|Topping
20125091|0|20069002|0|Caramel Syrup (+)|1|PCS|4|4|Syrup
20125091|0|20101436|0|Tropicana Sgr|1|PCS|4|4|Others
20124300|0|20099888|0|Chocolate Sauce (+)|1|PCS|4|4|Sauce
20124300|0|20069003|0|Hazelnut Syrup (+)|1|PCS|4|4|Syrup
20124300|0|20099887|0|Caramel Sauce (+)|1|PCS|4|4|Sauce
20124300|0|20069004|0|Coffee Jelly (+)|1|PCS|4|4|Topping
20124300|0|20123084|0|Add Cream Cheese (+)|1|PCS|4|4|Topping
20124301|0|20069004|0|Coffee Jelly (+)|1|PCS|4|4|Topping
20103706|0|20069003|0|Hazelnut Syrup (+)|1|PCS|4|4|Syrup
20068991|0|20089832|0|Whip. Cream (+)|1|PCS|4|4|Extra
20069013|0|20099887|0|Caramel Sauce (+)|1|PCS|4|4|Sauce
20069013|0|20099888|0|Chocolate Sauce (+)|1|PCS|4|4|Sauce
20069013|0|20069004|0|Coffee Jelly (+)|1|PCS|4|4|Topping
20074247|0|20069020|0|Coffee Jelly (+)|1|PCS|4|4|Modif Topping
20069013|0|20098726|0|Tropical Jelly (+)|1|PCS|4|4|Topping
20068991|0|20069005|0|Espresso shot|1|PCS|4|4|Extra
20068991|0|20069002|0|Caramel Syrup (+)|1|PCS|4|4|Syrup
20068991|0|20069003|0|Hazelnut Syrup (+)|1|PCS|4|4|Syrup
20068991|0|20096809|0|Brown Sugar Konyaku (+)|1|PCS|4|4|Topping
20068991|0|20069001|0|Vanilla Syrup (+)|1|PCS|4|4|Syrup
20068991|0|20069004|0|Coffee Jelly (+)|1|PCS|4|4|Topping
20103278|0|20069005|0|Espresso shot|1|PCS|4|4|Extra
20103278|0|20069002|0|Caramel Syrup (+)|1|PCS|4|4|Syrup
20103278|0|20089832|0|Whip. Cream (+)|1|PCS|4|4|Extra
20103278|0|20069003|0|Hazelnut Syrup (+)|1|PCS|4|4|Syrup
20103278|0|20096809|0|Brown Sugar Konyaku (+)|1|PCS|4|4|Topping
20103278|0|20069001|0|Vanilla Syrup (+)|1|PCS|4|4|Syrup
20103278|0|20069004|0|Coffee Jelly (+)|1|PCS|4|4|Topping
20103278|0|20099887|0|Caramel Sauce (+)|1|PCS|4|4|Sauce
20103278|0|20099888|0|Chocolate Sauce (+)|1|PCS|4|4|Sauce
20103278|0|20098726|0|Tropical Jelly (+)|1|PCS|4|4|Topping
20103703|0|20098726|0|Tropical Jelly (+)|1|PCS|4|4|Topping
20103706|0|20089832|0|Whip. Cream (+)|1|PCS|4|4|Extra
20103706|0|20096809|0|Brown Sugar Konyaku (+)|1|PCS|4|4|Topping
20103706|0|20069001|0|Vanilla Syrup (+)|1|PCS|4|4|Syrup
20103706|0|20069004|0|Coffee Jelly (+)|1|PCS|4|4|Topping
20103706|0|20099887|0|Caramel Sauce (+)|1|PCS|4|4|Sauce
20103706|0|20099888|0|Chocolate Sauce (+)|1|PCS|4|4|Sauce
20103706|0|20098726|0|Tropical Jelly (+)|1|PCS|4|4|Topping
20103773|0|20069005|0|Espresso shot|1|PCS|4|4|Extra
20103773|0|20069002|0|Caramel Syrup (+)|1|PCS|4|4|Syrup
20103773|0|20089832|0|Whip. Cream (+)|1|PCS|4|4|Extra
20103773|0|20069003|0|Hazelnut Syrup (+)|1|PCS|4|4|Syrup
20103773|0|20096809|0|Brown Sugar Konyaku (+)|1|PCS|4|4|Topping
20103773|0|20069001|0|Vanilla Syrup (+)|1|PCS|4|4|Syrup
20103773|0|20069004|0|Coffee Jelly (+)|1|PCS|4|4|Topping
20103773|0|20099887|0|Caramel Sauce (+)|1|PCS|4|4|Sauce
20103773|0|20099888|0|Chocolate Sauce (+)|1|PCS|4|4|Sauce
20103773|0|20098726|0|Tropical Jelly (+)|1|PCS|4|4|Topping
20103774|0|20069005|0|Espresso shot|1|PCS|4|4|Extra
20103774|0|20069004|0|Coffee Jelly (+)|1|PCS|4|4|Topping
20099879|0|20109840|0|Upsize (+)|1|PCS|4|1|Upsize
20068998|0|20109851|0|Upsize (+)|1|PCS|4|1|Upsize
20069012|0|20101436|0|Tropicana Sgr|1|PCS|4|4|Others
20072105|0|20101436|0|Tropicana Sgr|1|PCS|4|4|Others
20111898|0|20096809|0|Brown Sugar Konyaku (+)|1|PCS|4|4|Topping
20111898|0|20098726|0|Tropical Jelly (+)|1|PCS|4|4|Topping
20111898|0|20069005|0|Espresso shot|1|PCS|4|4|Extra
20111898|0|20069003|0|Hazelnut Syrup (+)|1|PCS|4|4|Syrup
20111898|0|20069002|0|Caramel Syrup (+)|1|PCS|4|4|Syrup
20106106|0|20098726|0|Tropical Jelly (+)|1|PCS|4|4|Topping
20112871|0|20089832|0|Whip. Cream (+)|1|PCS|4|4|Extra
20112871|0|20096809|0|Brown Sugar Konyaku (+)|1|PCS|4|4|Topping
20115961|0|20069003|0|Hazelnut Syrup (+)|1|PCS|4|4|Syrup
20113168|0|20069003|0|Hazelnut Syrup (+)|1|PCS|4|4|Syrup
20113169|0|20069005|0|Espresso shot|1|PCS|4|4|Extra
20115979|0|20101436|0|Tropicana Sgr|1|PCS|4|4|Others
20115961|0|20069002|0|Caramel Syrup (+)|1|PCS|4|4|Syrup
20115961|0|20099888|0|Chocolate Sauce (+)|1|PCS|4|4|Sauce
20115961|0|20069004|0|Coffee Jelly (+)|1|PCS|4|4|Topping
20116852|0|20089832|0|Whip. Cream (+)|1|PCS|4|4|Extra
20119614|0|20101436|0|Tropicana Sgr|1|PCS|4|4|Others
20114170|0|20104086|0|Nangka Jelly (+)|1|PCS|4|4|Topping
20119615|0|20069001|0|Vanilla Syrup (+)|1|PCS|4|4|Syrup
20119615|0|20069002|0|Caramel Syrup (+)|1|PCS|4|4|Syrup
20119615|0|20099887|0|Caramel Sauce (+)|1|PCS|4|4|Sauce
20119616|0|20069004|0|Coffee Jelly (+)|1|PCS|4|4|Topping
20114168|0|20104086|0|Nangka Jelly (+)|1|PCS|4|4|Topping
20114167|0|20104086|0|Nangka Jelly (+)|1|PCS|4|4|Topping
20119616|0|20101436|0|Tropicana Sgr|1|PCS|4|4|Others
20119618|0|20069005|0|Espresso shot|1|PCS|4|4|Extra
20095413|0|20104086|0|Nangka Jelly (+)|1|PCS|4|4|Topping
20082342|0|20069001|0|Vanilla Syrup (+)|1|PCS|4|4|Syrup
20082342|0|20099888|0|Chocolate Sauce (+)|1|PCS|4|4|Sauce
20082342|0|20101436|0|Tropicana Sgr|1|PCS|4|4|Others
20068991|0|20104086|0|Nangka Jelly (+)|1|PCS|4|4|Topping
20113361|0|20113632|0|Add Sauce Rte|1|PCS|4|4|Extra
20113364|0|20113632|0|Add Sauce Rte|1|PCS|4|4|Extra
20113364|0|20117227|0|Add Sauce Rte|1|PCS|4|4|Extra
20113364|0|20113630|0|Add Sauce Rte|1|PCS|4|4|Extra
20113364|0|20115038|0|Add Sauce Rte|1|PCS|4|4|Extra
20113364|0|20115039|0|Add Sauce Rte|1|PCS|4|4|Extra
20113364|0|20120505|0|Add Sauce Rte|1|PCS|4|4|Extra
20113364|0|20117225|0|Add Sauce Rte|1|PCS|4|4|Extra
20120501|0|20117225|0|Add Sauce Rte|1|PCS|4|4|Extra
20120502|0|20113630|0|Add Sauce Rte|1|PCS|4|4|Extra
20068996|0|20099887|0|Caramel Sauce (+)|1|PCS|4|4|Sauce
20068996|0|20096809|0|Brown Sugar Konyaku (+)|1|PCS|4|4|Topping
20068996|0|20104086|0|Nangka Jelly (+)|1|PCS|4|4|Topping
20099886|0|20123084|0|Add Cream Cheese (+)|1|PCS|4|4|Topping
20069014|0|20123084|0|Add Cream Cheese (+)|1|PCS|4|4|Topping
20068993|0|20123084|0|Add Cream Cheese (+)|1|PCS|4|4|Topping
20068995|0|20123084|0|Add Cream Cheese (+)|1|PCS|4|4|Topping
20074247|0|20123084|0|Add Cream Cheese (+)|1|PCS|4|4|Topping
20085981|0|20123084|0|Add Cream Cheese (+)|1|PCS|4|4|Topping
20095412|0|20123084|0|Add Cream Cheese (+)|1|PCS|4|4|Topping
20095413|0|20123084|0|Add Cream Cheese (+)|1|PCS|4|4|Topping
20123046|0|20123053|0|Upsize (+)|1|PCS|4|1|Upsize
20124302|0|20098726|0|Tropical Jelly (+)|1|PCS|4|4|Topping
20125092|0|20099888|0|Chocolate Sauce (+)|1|PCS|4|4|Sauce
20125092|0|20101436|0|Tropicana Sgr|1|PCS|4|4|Others
20125093|0|20101436|0|Tropicana Sgr|1|PCS|4|4|Others
20124301|0|20096809|0|Brown Sugar Konyaku (+)|1|PCS|4|4|Topping
20124301|0|20104086|0|Nangka Jelly (+)|1|PCS|4|4|Topping
20124301|0|20089832|0|Whip. Cream (+)|1|PCS|4|4|Extra
20068986|0|20069005|0|Espresso shot|1|PCS|4|4|Extra
20069007|0|20069005|0|Espresso shot|1|PCS|4|4|Extra
20099886|0|20069005|0|Espresso shot|1|PCS|4|4|Extra
20069008|0|20099888|0|Chocolate Sauce (+)|1|PCS|4|4|Sauce
20068987|0|20069003|0|Hazelnut Syrup (+)|1|PCS|4|4|Syrup
20099876|0|20099888|0|Chocolate Sauce (+)|1|PCS|4|4|Sauce
20069010|0|20099888|0|Chocolate Sauce (+)|1|PCS|4|4|Sauce
20068989|0|20099888|0|Chocolate Sauce (+)|1|PCS|4|4|Sauce
20072105|0|20099888|0|Chocolate Sauce (+)|1|PCS|4|4|Sauce
20071969|0|20099888|0|Chocolate Sauce (+)|1|PCS|4|4|Sauce
20074245|0|20099888|0|Chocolate Sauce (+)|1|PCS|4|4|Sauce
20079739|0|20099888|0|Chocolate Sauce (+)|1|PCS|4|4|Sauce
20090166|0|20099888|0|Chocolate Sauce (+)|1|PCS|4|4|Sauce
20075779|0|20099888|0|Chocolate Sauce (+)|1|PCS|4|4|Sauce
20068990|0|20099888|0|Chocolate Sauce (+)|1|PCS|4|4|Sauce
20069011|0|20099888|0|Chocolate Sauce (+)|1|PCS|4|4|Sauce
20085281|0|20099888|0|Chocolate Sauce (+)|1|PCS|4|4|Sauce
20085282|0|20099888|0|Chocolate Sauce (+)|1|PCS|4|4|Sauce
20085284|0|20099888|0|Chocolate Sauce (+)|1|PCS|4|4|Sauce
20085283|0|20099888|0|Chocolate Sauce (+)|1|PCS|4|4|Sauce
20069012|0|20099888|0|Chocolate Sauce (+)|1|PCS|4|4|Sauce
20068992|0|20099888|0|Chocolate Sauce (+)|1|PCS|4|4|Sauce
20099879|0|20099888|0|Chocolate Sauce (+)|1|PCS|4|4|Sauce
20099880|0|20099888|0|Chocolate Sauce (+)|1|PCS|4|4|Sauce
20099881|0|20099888|0|Chocolate Sauce (+)|1|PCS|4|4|Sauce
20099882|0|20099888|0|Chocolate Sauce (+)|1|PCS|4|4|Sauce
20099885|0|20099888|0|Chocolate Sauce (+)|1|PCS|4|4|Sauce
20099886|0|20069002|0|Caramel Syrup (+)|1|PCS|4|4|Syrup
20099883|0|20099888|0|Chocolate Sauce (+)|1|PCS|4|4|Sauce
20099884|0|20099888|0|Chocolate Sauce (+)|1|PCS|4|4|Sauce
20103703|0|20089832|0|Whip. Cream (+)|1|PCS|4|4|Extra
20085263|0|20069004|0|Coffee Jelly (+)|1|PCS|4|4|Topping
20093434|0|20099888|0|Chocolate Sauce (+)|1|PCS|4|4|Sauce
20069014|0|20099888|0|Chocolate Sauce (+)|1|PCS|4|4|Sauce
20068993|0|20099888|0|Chocolate Sauce (+)|1|PCS|4|4|Sauce
20069007|0|20069003|0|Hazelnut Syrup (+)|1|PCS|4|4|Syrup
20068995|0|20099888|0|Chocolate Sauce (+)|1|PCS|4|4|Sauce
20068987|0|20069005|0|Espresso shot|1|PCS|4|4|Extra
20068998|0|20098726|0|Tropical Jelly (+)|1|PCS|4|4|Topping
20085981|0|20099888|0|Chocolate Sauce (+)|1|PCS|4|4|Sauce
20096791|0|20099888|0|Chocolate Sauce (+)|1|PCS|4|4|Sauce
20095412|0|20099888|0|Chocolate Sauce (+)|1|PCS|4|4|Sauce
20095413|0|20099888|0|Chocolate Sauce (+)|1|PCS|4|4|Sauce
20101438|0|20099888|0|Chocolate Sauce (+)|1|PCS|4|4|Sauce
20101437|0|20099888|0|Chocolate Sauce (+)|1|PCS|4|4|Sauce
20070436|0|20099888|0|Chocolate Sauce (+)|1|PCS|4|4|Sauce
20068999|0|20099888|0|Chocolate Sauce (+)|1|PCS|4|4|Sauce
20093433|0|20099888|0|Chocolate Sauce (+)|1|PCS|4|4|Sauce
20093432|0|20099888|0|Chocolate Sauce (+)|1|PCS|4|4|Sauce
20069006|0|20069004|0|Coffee Jelly (+)|1|PCS|4|4|Topping
20099873|0|20069004|0|Coffee Jelly (+)|1|PCS|4|4|Topping
20099874|0|20069004|0|Coffee Jelly (+)|1|PCS|4|4|Topping
20099875|0|20069004|0|Coffee Jelly (+)|1|PCS|4|4|Topping
20069007|0|20096809|0|Brown Sugar Konyaku (+)|1|PCS|4|4|Topping
20068987|0|20069004|0|Coffee Jelly (+)|1|PCS|4|4|Topping
20069007|0|20069004|0|Coffee Jelly (+)|1|PCS|4|4|Topping
20099886|0|20089832|0|Whip. Cream (+)|1|PCS|4|4|Extra
20069008|0|20069004|0|Coffee Jelly (+)|1|PCS|4|4|Topping
20068987|0|20098726|0|Tropical Jelly (+)|1|PCS|4|4|Topping
20099876|0|20069004|0|Coffee Jelly (+)|1|PCS|4|4|Topping
20069010|0|20069004|0|Coffee Jelly (+)|1|PCS|4|4|Topping
20068989|0|20069004|0|Coffee Jelly (+)|1|PCS|4|4|Topping
20072105|0|20069004|0|Coffee Jelly (+)|1|PCS|4|4|Topping
20071969|0|20069004|0|Coffee Jelly (+)|1|PCS|4|4|Topping
20074245|0|20069004|0|Coffee Jelly (+)|1|PCS|4|4|Topping
20079739|0|20069004|0|Coffee Jelly (+)|1|PCS|4|4|Topping
20090166|0|20069004|0|Coffee Jelly (+)|1|PCS|4|4|Topping
20075779|0|20069004|0|Coffee Jelly (+)|1|PCS|4|4|Topping
20068990|0|20069004|0|Coffee Jelly (+)|1|PCS|4|4|Topping
20069011|0|20069004|0|Coffee Jelly (+)|1|PCS|4|4|Topping
20085281|0|20069004|0|Coffee Jelly (+)|1|PCS|4|4|Topping
20085282|0|20069004|0|Coffee Jelly (+)|1|PCS|4|4|Topping
20085284|0|20069004|0|Coffee Jelly (+)|1|PCS|4|4|Topping
20085283|0|20069004|0|Coffee Jelly (+)|1|PCS|4|4|Topping
20069012|0|20069004|0|Coffee Jelly (+)|1|PCS|4|4|Topping
20068992|0|20069004|0|Coffee Jelly (+)|1|PCS|4|4|Topping
20099879|0|20069004|0|Coffee Jelly (+)|1|PCS|4|4|Topping
20099880|0|20069004|0|Coffee Jelly (+)|1|PCS|4|4|Topping
20099881|0|20069004|0|Coffee Jelly (+)|1|PCS|4|4|Topping
20099882|0|20069004|0|Coffee Jelly (+)|1|PCS|4|4|Topping
20099885|0|20069004|0|Coffee Jelly (+)|1|PCS|4|4|Topping
20099886|0|20069003|0|Hazelnut Syrup (+)|1|PCS|4|4|Syrup
20099883|0|20069004|0|Coffee Jelly (+)|1|PCS|4|4|Topping
20099884|0|20069004|0|Coffee Jelly (+)|1|PCS|4|4|Topping
20069010|0|20109820|0|Upsize (+)|1|PCS|4|1|Upsize
20069012|0|20101436|0|Tropicana Sgr|1|PCS|4|4|Others
20093434|0|20069004|0|Coffee Jelly (+)|1|PCS|4|4|Topping
20069014|0|20069004|0|Coffee Jelly (+)|1|PCS|4|4|Topping
20068993|0|20069004|0|Coffee Jelly (+)|1|PCS|4|4|Topping
20103772|0|20069005|0|Espresso shot|1|PCS|4|4|Extra
20068995|0|20069004|0|Coffee Jelly (+)|1|PCS|4|4|Topping
20103772|0|20069002|0|Caramel Syrup (+)|1|PCS|4|4|Syrup
20103772|0|20089832|0|Whip. Cream (+)|1|PCS|4|4|Extra
20085981|0|20069004|0|Coffee Jelly (+)|1|PCS|4|4|Topping
20096791|0|20069004|0|Coffee Jelly (+)|1|PCS|4|4|Topping
20095412|0|20069004|0|Coffee Jelly (+)|1|PCS|4|4|Topping
20095413|0|20069004|0|Coffee Jelly (+)|1|PCS|4|4|Topping
20101438|0|20069004|0|Coffee Jelly (+)|1|PCS|4|4|Topping
20101437|0|20069004|0|Coffee Jelly (+)|1|PCS|4|4|Topping
20070436|0|20069004|0|Coffee Jelly (+)|1|PCS|4|4|Topping
20068999|0|20069004|0|Coffee Jelly (+)|1|PCS|4|4|Topping
20093433|0|20069004|0|Coffee Jelly (+)|1|PCS|4|4|Topping
20093432|0|20069004|0|Coffee Jelly (+)|1|PCS|4|4|Topping
20099880|0|20101436|0|Tropicana Sgr|1|PCS|4|4|Others
20106106|0|20099888|0|Chocolate Sauce (+)|1|PCS|4|4|Sauce
20112872|0|20069001|0|Vanilla Syrup (+)|1|PCS|4|4|Syrup
20112872|0|20069002|0|Caramel Syrup (+)|1|PCS|4|4|Syrup
20112872|0|20069003|0|Hazelnut Syrup (+)|1|PCS|4|4|Syrup
20112872|0|20069004|0|Coffee Jelly (+)|1|PCS|4|4|Topping
20112872|0|20098726|0|Tropical Jelly (+)|1|PCS|4|4|Topping
20112872|0|20089832|0|Whip. Cream (+)|1|PCS|4|4|Extra
20112872|0|20096809|0|Brown Sugar Konyaku (+)|1|PCS|4|4|Topping
20112872|0|20069005|0|Espresso shot|1|PCS|4|4|Extra
20112872|0|20099887|0|Caramel Sauce (+)|1|PCS|4|4|Sauce
20113310|0|20069001|0|Vanilla Syrup (+)|1|PCS|4|4|Syrup
20113310|0|20069003|0|Hazelnut Syrup (+)|1|PCS|4|4|Syrup
20113310|0|20069002|0|Caramel Syrup (+)|1|PCS|4|4|Syrup
20103772|0|20069003|0|Hazelnut Syrup (+)|1|PCS|4|4|Syrup
20103772|0|20096809|0|Brown Sugar Konyaku (+)|1|PCS|4|4|Topping
20103772|0|20069001|0|Vanilla Syrup (+)|1|PCS|4|4|Syrup
20103772|0|20069004|0|Coffee Jelly (+)|1|PCS|4|4|Topping
20103772|0|20099887|0|Caramel Sauce (+)|1|PCS|4|4|Sauce
20103772|0|20099888|0|Chocolate Sauce (+)|1|PCS|4|4|Sauce
20103772|0|20098726|0|Tropical Jelly (+)|1|PCS|4|4|Topping
20069007|0|20099887|0|Caramel Sauce (+)|1|PCS|4|4|Sauce
20099886|0|20098726|0|Tropical Jelly (+)|1|PCS|4|4|Topping
20068986|0|20089832|0|Whip. Cream (+)|1|PCS|4|4|Extra
20085263|0|20099888|0|Chocolate Sauce (+)|1|PCS|4|4|Sauce
20068998|0|20069004|0|Coffee Jelly (+)|1|PCS|4|4|Topping
20111899|0|20069004|0|Coffee Jelly (+)|1|PCS|4|4|Topping
20068995|0|20109837|0|Upsize (+)|1|PCS|4|1|Upsize
20085981|0|20109834|0|Upsize (+)|1|PCS|4|1|Upsize
20072105|0|20109816|0|Upsize (+)|1|PCS|4|1|Upsize
20099886|0|20109859|0|Upsize (+)|1|PCS|4|1|Upsize
20069014|0|20109861|0|Upsize (+)|1|PCS|4|1|Upsize
20068995|0|20101436|0|Tropicana Sgr|1|PCS|4|4|Others
20075779|0|20101436|0|Tropicana Sgr|1|PCS|4|4|Others
20111899|0|20089832|0|Whip. Cream (+)|1|PCS|4|4|Extra
20111899|0|20096809|0|Brown Sugar Konyaku (+)|1|PCS|4|4|Topping
20111899|0|20098726|0|Tropical Jelly (+)|1|PCS|4|4|Topping
20111899|0|20069005|0|Espresso shot|1|PCS|4|4|Extra
20111899|0|20069003|0|Hazelnut Syrup (+)|1|PCS|4|4|Syrup
20111899|0|20069001|0|Vanilla Syrup (+)|1|PCS|4|4|Syrup
20111899|0|20069002|0|Caramel Syrup (+)|1|PCS|4|4|Syrup
20111899|0|20101436|0|Tropicana Sgr|1|PCS|4|4|Others
20111899|0|20099888|0|Chocolate Sauce (+)|1|PCS|4|4|Sauce
20111899|0|20099887|0|Caramel Sauce (+)|1|PCS|4|4|Sauce
20113168|0|20069002|0|Caramel Syrup (+)|1|PCS|4|4|Syrup
20106110|0|20109399|0|Ice Cube(+)|1|PCS|2|1|Extra
20096329|0|20069002|0|Caramel Syrup (+)|1|PCS|4|4|Syrup
20096329|0|20099888|0|Chocolate Sauce (+)|1|PCS|4|4|Sauce
20096329|0|20069004|0|Coffee Jelly (+)|1|PCS|4|4|Topping
20096329|0|20069005|0|Espresso shot|1|PCS|4|4|Extra
20115979|0|20069003|0|Hazelnut Syrup (+)|1|PCS|4|4|Syrup
20115979|0|20099887|0|Caramel Sauce (+)|1|PCS|4|4|Sauce
20115979|0|20069004|0|Coffee Jelly (+)|1|PCS|4|4|Topping
20115979|0|20096809|0|Brown Sugar Konyaku (+)|1|PCS|4|4|Topping
20115979|0|20069005|0|Espresso shot|1|PCS|4|4|Extra
20116852|0|20101436|0|Tropicana Sgr|1|PCS|4|4|Others
20068989|0|20101436|0|Tropicana Sgr|1|PCS|4|4|Others
20116844|0|20069001|0|Vanilla Syrup (+)|1|PCS|4|4|Syrup
20113310|0|20099888|0|Chocolate Sauce (+)|1|PCS|4|4|Sauce
20114168|0|20069020|0|Coffee Jelly (+)|1|PCS|4|4|Modif Topping
20114168|0|20096809|0|Brown Sugar Konyaku (+)|1|PCS|4|4|Topping
20114168|0|20098726|0|Tropical Jelly (+)|1|PCS|4|4|Topping
20116844|0|20069003|0|Hazelnut Syrup (+)|1|PCS|4|4|Syrup
20114168|0|20069005|0|Espresso shot|1|PCS|4|4|Extra
20114168|0|20089832|0|Whip. Cream (+)|1|PCS|4|4|Extra
20114168|0|20101436|0|Tropicana Sgr|1|PCS|4|4|Others
20114169|0|20069001|0|Vanilla Syrup (+)|1|PCS|4|4|Syrup
20114169|0|20069003|0|Hazelnut Syrup (+)|1|PCS|4|4|Syrup
20114169|0|20069002|0|Caramel Syrup (+)|1|PCS|4|4|Syrup
20114169|0|20099888|0|Chocolate Sauce (+)|1|PCS|4|4|Sauce
20114169|0|20099887|0|Caramel Sauce (+)|1|PCS|4|4|Sauce
20114169|0|20069004|0|Coffee Jelly (+)|1|PCS|4|4|Topping
20114169|0|20096809|0|Brown Sugar Konyaku (+)|1|PCS|4|4|Topping
20114169|0|20098726|0|Tropical Jelly (+)|1|PCS|4|4|Topping
20114169|0|20104086|0|Nangka Jelly (+)|1|PCS|4|4|Topping
20068987|0|20104086|0|Nangka Jelly (+)|1|PCS|4|4|Topping
20116844|0|20069002|0|Caramel Syrup (+)|1|PCS|4|4|Syrup
20116844|0|20099888|0|Chocolate Sauce (+)|1|PCS|4|4|Sauce
20116844|0|20099887|0|Caramel Sauce (+)|1|PCS|4|4|Sauce
20116850|0|20101436|0|Tropicana Sgr|1|PCS|4|4|Others
20069009|0|20109818|0|Upsize (+)|1|PCS|4|1|Upsize
20119613|0|20099888|0|Chocolate Sauce (+)|1|PCS|4|4|Sauce
20119613|0|20069005|0|Espresso shot|1|PCS|4|4|Extra
20119613|0|20101436|0|Tropicana Sgr|1|PCS|4|4|Others
20119614|0|20069005|0|Espresso shot|1|PCS|4|4|Extra
20119616|0|20069001|0|Vanilla Syrup (+)|1|PCS|4|4|Syrup
20119616|0|20069003|0|Hazelnut Syrup (+)|1|PCS|4|4|Syrup
20119616|0|20069002|0|Caramel Syrup (+)|1|PCS|4|4|Syrup
20119616|0|20099888|0|Chocolate Sauce (+)|1|PCS|4|4|Sauce
20119616|0|20096809|0|Brown Sugar Konyaku (+)|1|PCS|4|4|Topping
20119616|0|20098726|0|Tropical Jelly (+)|1|PCS|4|4|Topping
20119616|0|20104086|0|Nangka Jelly (+)|1|PCS|4|4|Topping
20119616|0|20069005|0|Espresso shot|1|PCS|4|4|Extra
20119617|0|20069004|0|Coffee Jelly (+)|1|PCS|4|4|Topping
20119617|0|20096809|0|Brown Sugar Konyaku (+)|1|PCS|4|4|Topping
20089518|0|20069005|0|Espresso shot|1|PCS|4|4|Extra
20089518|0|20089832|0|Whip. Cream (+)|1|PCS|4|4|Extra
20082342|0|20069002|0|Caramel Syrup (+)|1|PCS|4|4|Syrup
20099873|0|20104086|0|Nangka Jelly (+)|1|PCS|4|4|Topping
20103703|0|20104086|0|Nangka Jelly (+)|1|PCS|4|4|Topping
20103703|0|20101436|0|Tropicana Sgr|1|PCS|4|4|Others
20103706|0|20101436|0|Tropicana Sgr|1|PCS|4|4|Others
20103706|0|20104086|0|Nangka Jelly (+)|1|PCS|4|4|Topping
20113310|0|20104086|0|Nangka Jelly (+)|1|PCS|4|4|Topping
20069006|0|20069003|0|Hazelnut Syrup (+)|1|PCS|4|4|Syrup
20099873|0|20069003|0|Hazelnut Syrup (+)|1|PCS|4|4|Syrup
20099874|0|20069003|0|Hazelnut Syrup (+)|1|PCS|4|4|Syrup
20099875|0|20069003|0|Hazelnut Syrup (+)|1|PCS|4|4|Syrup
20069008|0|20069003|0|Hazelnut Syrup (+)|1|PCS|4|4|Syrup
20099876|0|20069003|0|Hazelnut Syrup (+)|1|PCS|4|4|Syrup
20069010|0|20069003|0|Hazelnut Syrup (+)|1|PCS|4|4|Syrup
20068989|0|20069003|0|Hazelnut Syrup (+)|1|PCS|4|4|Syrup
20072105|0|20069003|0|Hazelnut Syrup (+)|1|PCS|4|4|Syrup
20071969|0|20069003|0|Hazelnut Syrup (+)|1|PCS|4|4|Syrup
20074245|0|20069003|0|Hazelnut Syrup (+)|1|PCS|4|4|Syrup
20079739|0|20069003|0|Hazelnut Syrup (+)|1|PCS|4|4|Syrup
20090166|0|20069003|0|Hazelnut Syrup (+)|1|PCS|4|4|Syrup
20075779|0|20069003|0|Hazelnut Syrup (+)|1|PCS|4|4|Syrup
20068990|0|20069003|0|Hazelnut Syrup (+)|1|PCS|4|4|Syrup
20069011|0|20069003|0|Hazelnut Syrup (+)|1|PCS|4|4|Syrup
20085281|0|20069003|0|Hazelnut Syrup (+)|1|PCS|4|4|Syrup
20085282|0|20069003|0|Hazelnut Syrup (+)|1|PCS|4|4|Syrup
20085284|0|20069003|0|Hazelnut Syrup (+)|1|PCS|4|4|Syrup
20085283|0|20069003|0|Hazelnut Syrup (+)|1|PCS|4|4|Syrup
20069012|0|20069003|0|Hazelnut Syrup (+)|1|PCS|4|4|Syrup
20068992|0|20069003|0|Hazelnut Syrup (+)|1|PCS|4|4|Syrup
20099879|0|20069003|0|Hazelnut Syrup (+)|1|PCS|4|4|Syrup
20099880|0|20069003|0|Hazelnut Syrup (+)|1|PCS|4|4|Syrup
20099881|0|20069003|0|Hazelnut Syrup (+)|1|PCS|4|4|Syrup
20099882|0|20069003|0|Hazelnut Syrup (+)|1|PCS|4|4|Syrup
20099885|0|20069003|0|Hazelnut Syrup (+)|1|PCS|4|4|Syrup
20099883|0|20069003|0|Hazelnut Syrup (+)|1|PCS|4|4|Syrup
20099884|0|20069003|0|Hazelnut Syrup (+)|1|PCS|4|4|Syrup
20093434|0|20069003|0|Hazelnut Syrup (+)|1|PCS|4|4|Syrup
20069014|0|20069003|0|Hazelnut Syrup (+)|1|PCS|4|4|Syrup
20068993|0|20069003|0|Hazelnut Syrup (+)|1|PCS|4|4|Syrup
20068995|0|20069003|0|Hazelnut Syrup (+)|1|PCS|4|4|Syrup
20085981|0|20069003|0|Hazelnut Syrup (+)|1|PCS|4|4|Syrup
20096791|0|20069003|0|Hazelnut Syrup (+)|1|PCS|4|4|Syrup
20095412|0|20069003|0|Hazelnut Syrup (+)|1|PCS|4|4|Syrup
20095413|0|20069003|0|Hazelnut Syrup (+)|1|PCS|4|4|Syrup
20101438|0|20069003|0|Hazelnut Syrup (+)|1|PCS|4|4|Syrup
20101437|0|20069003|0|Hazelnut Syrup (+)|1|PCS|4|4|Syrup
20070436|0|20069003|0|Hazelnut Syrup (+)|1|PCS|4|4|Syrup
20068999|0|20069003|0|Hazelnut Syrup (+)|1|PCS|4|4|Syrup
20093433|0|20069003|0|Hazelnut Syrup (+)|1|PCS|4|4|Syrup
20093432|0|20069003|0|Hazelnut Syrup (+)|1|PCS|4|4|Syrup
20069006|0|20098726|0|Tropical Jelly (+)|1|PCS|4|4|Topping
20099873|0|20098726|0|Tropical Jelly (+)|1|PCS|4|4|Topping
20099874|0|20098726|0|Tropical Jelly (+)|1|PCS|4|4|Topping
20099875|0|20098726|0|Tropical Jelly (+)|1|PCS|4|4|Topping
20069008|0|20098726|0|Tropical Jelly (+)|1|PCS|4|4|Topping
20099876|0|20098726|0|Tropical Jelly (+)|1|PCS|4|4|Topping
20069010|0|20098726|0|Tropical Jelly (+)|1|PCS|4|4|Topping
20068989|0|20098726|0|Tropical Jelly (+)|1|PCS|4|4|Topping
20072105|0|20098726|0|Tropical Jelly (+)|1|PCS|4|4|Topping
20071969|0|20098726|0|Tropical Jelly (+)|1|PCS|4|4|Topping
20074245|0|20098726|0|Tropical Jelly (+)|1|PCS|4|4|Topping
20079739|0|20098726|0|Tropical Jelly (+)|1|PCS|4|4|Topping
20090166|0|20098726|0|Tropical Jelly (+)|1|PCS|4|4|Topping
20075779|0|20098726|0|Tropical Jelly (+)|1|PCS|4|4|Topping
20068990|0|20098726|0|Tropical Jelly (+)|1|PCS|4|4|Topping
20069011|0|20098726|0|Tropical Jelly (+)|1|PCS|4|4|Topping
20085281|0|20098726|0|Tropical Jelly (+)|1|PCS|4|4|Topping
20085282|0|20098726|0|Tropical Jelly (+)|1|PCS|4|4|Topping
20085284|0|20098726|0|Tropical Jelly (+)|1|PCS|4|4|Topping
20085283|0|20098726|0|Tropical Jelly (+)|1|PCS|4|4|Topping
20069012|0|20098726|0|Tropical Jelly (+)|1|PCS|4|4|Topping
20068992|0|20098726|0|Tropical Jelly (+)|1|PCS|4|4|Topping
20099879|0|20098726|0|Tropical Jelly (+)|1|PCS|4|4|Topping
20099880|0|20098726|0|Tropical Jelly (+)|1|PCS|4|4|Topping
20099881|0|20098726|0|Tropical Jelly (+)|1|PCS|4|4|Topping
20099882|0|20098726|0|Tropical Jelly (+)|1|PCS|4|4|Topping
20099885|0|20098726|0|Tropical Jelly (+)|1|PCS|4|4|Topping
20099883|0|20098726|0|Tropical Jelly (+)|1|PCS|4|4|Topping
20099884|0|20098726|0|Tropical Jelly (+)|1|PCS|4|4|Topping
20093434|0|20098726|0|Tropical Jelly (+)|1|PCS|4|4|Topping
20069014|0|20098726|0|Tropical Jelly (+)|1|PCS|4|4|Topping
20068993|0|20098726|0|Tropical Jelly (+)|1|PCS|4|4|Topping
20068995|0|20098726|0|Tropical Jelly (+)|1|PCS|4|4|Topping
20085981|0|20098726|0|Tropical Jelly (+)|1|PCS|4|4|Topping
20096791|0|20098726|0|Tropical Jelly (+)|1|PCS|4|4|Topping
20095412|0|20098726|0|Tropical Jelly (+)|1|PCS|4|4|Topping
20095413|0|20098726|0|Tropical Jelly (+)|1|PCS|4|4|Topping
20101438|0|20098726|0|Tropical Jelly (+)|1|PCS|4|4|Topping
20101437|0|20098726|0|Tropical Jelly (+)|1|PCS|4|4|Topping
20070436|0|20098726|0|Tropical Jelly (+)|1|PCS|4|4|Topping
20068999|0|20098726|0|Tropical Jelly (+)|1|PCS|4|4|Topping
20093433|0|20098726|0|Tropical Jelly (+)|1|PCS|4|4|Topping
20093432|0|20098726|0|Tropical Jelly (+)|1|PCS|4|4|Topping
20069006|0|20069001|0|Vanilla Syrup (+)|1|PCS|4|4|Syrup
20099873|0|20069001|0|Vanilla Syrup (+)|1|PCS|4|4|Syrup
20099874|0|20069001|0|Vanilla Syrup (+)|1|PCS|4|4|Syrup
20099875|0|20069001|0|Vanilla Syrup (+)|1|PCS|4|4|Syrup
20069008|0|20069001|0|Vanilla Syrup (+)|1|PCS|4|4|Syrup
20099876|0|20069001|0|Vanilla Syrup (+)|1|PCS|4|4|Syrup
20069010|0|20069001|0|Vanilla Syrup (+)|1|PCS|4|4|Syrup
20068989|0|20069001|0|Vanilla Syrup (+)|1|PCS|4|4|Syrup
20072105|0|20069001|0|Vanilla Syrup (+)|1|PCS|4|4|Syrup
20071969|0|20069001|0|Vanilla Syrup (+)|1|PCS|4|4|Syrup
20074245|0|20069001|0|Vanilla Syrup (+)|1|PCS|4|4|Syrup
20079739|0|20069001|0|Vanilla Syrup (+)|1|PCS|4|4|Syrup
20090166|0|20069001|0|Vanilla Syrup (+)|1|PCS|4|4|Syrup
20075779|0|20069001|0|Vanilla Syrup (+)|1|PCS|4|4|Syrup
20068990|0|20069001|0|Vanilla Syrup (+)|1|PCS|4|4|Syrup
20069011|0|20069001|0|Vanilla Syrup (+)|1|PCS|4|4|Syrup
20085281|0|20069001|0|Vanilla Syrup (+)|1|PCS|4|4|Syrup
20085282|0|20069001|0|Vanilla Syrup (+)|1|PCS|4|4|Syrup
20085284|0|20069001|0|Vanilla Syrup (+)|1|PCS|4|4|Syrup
20085283|0|20069001|0|Vanilla Syrup (+)|1|PCS|4|4|Syrup
20069012|0|20069001|0|Vanilla Syrup (+)|1|PCS|4|4|Syrup
20068992|0|20069001|0|Vanilla Syrup (+)|1|PCS|4|4|Syrup
20099879|0|20069001|0|Vanilla Syrup (+)|1|PCS|4|4|Syrup
20099880|0|20069001|0|Vanilla Syrup (+)|1|PCS|4|4|Syrup
20099881|0|20069001|0|Vanilla Syrup (+)|1|PCS|4|4|Syrup
20099882|0|20069001|0|Vanilla Syrup (+)|1|PCS|4|4|Syrup
20099885|0|20069001|0|Vanilla Syrup (+)|1|PCS|4|4|Syrup
20099883|0|20069001|0|Vanilla Syrup (+)|1|PCS|4|4|Syrup
20099884|0|20069001|0|Vanilla Syrup (+)|1|PCS|4|4|Syrup
20093434|0|20069001|0|Vanilla Syrup (+)|1|PCS|4|4|Syrup
20069014|0|20069001|0|Vanilla Syrup (+)|1|PCS|4|4|Syrup
20068993|0|20069001|0|Vanilla Syrup (+)|1|PCS|4|4|Syrup
20068995|0|20069001|0|Vanilla Syrup (+)|1|PCS|4|4|Syrup
20085981|0|20069001|0|Vanilla Syrup (+)|1|PCS|4|4|Syrup
20096791|0|20069001|0|Vanilla Syrup (+)|1|PCS|4|4|Syrup
20095412|0|20069001|0|Vanilla Syrup (+)|1|PCS|4|4|Syrup
20095413|0|20069001|0|Vanilla Syrup (+)|1|PCS|4|4|Syrup
20101438|0|20069001|0|Vanilla Syrup (+)|1|PCS|4|4|Syrup
20101437|0|20069001|0|Vanilla Syrup (+)|1|PCS|4|4|Syrup
20070436|0|20069001|0|Vanilla Syrup (+)|1|PCS|4|4|Syrup
20068999|0|20069001|0|Vanilla Syrup (+)|1|PCS|4|4|Syrup
20093433|0|20069001|0|Vanilla Syrup (+)|1|PCS|4|4|Syrup
20093432|0|20069001|0|Vanilla Syrup (+)|1|PCS|4|4|Syrup
20093433|0|20099887|0|Caramel Sauce (+)|1|PCS|4|4|Sauce
20093432|0|20099887|0|Caramel Sauce (+)|1|PCS|4|4|Sauce
20069006|0|20069002|0|Caramel Syrup (+)|1|PCS|4|4|Syrup
20099873|0|20069002|0|Caramel Syrup (+)|1|PCS|4|4|Syrup
20099874|0|20069002|0|Caramel Syrup (+)|1|PCS|4|4|Syrup
20099875|0|20069002|0|Caramel Syrup (+)|1|PCS|4|4|Syrup
20069008|0|20069002|0|Caramel Syrup (+)|1|PCS|4|4|Syrup
20099876|0|20069002|0|Caramel Syrup (+)|1|PCS|4|4|Syrup
20069010|0|20069002|0|Caramel Syrup (+)|1|PCS|4|4|Syrup
20068989|0|20069002|0|Caramel Syrup (+)|1|PCS|4|4|Syrup
20072105|0|20069002|0|Caramel Syrup (+)|1|PCS|4|4|Syrup
20071969|0|20069002|0|Caramel Syrup (+)|1|PCS|4|4|Syrup
20074245|0|20069002|0|Caramel Syrup (+)|1|PCS|4|4|Syrup
20079739|0|20069002|0|Caramel Syrup (+)|1|PCS|4|4|Syrup
20090166|0|20069002|0|Caramel Syrup (+)|1|PCS|4|4|Syrup
20075779|0|20069002|0|Caramel Syrup (+)|1|PCS|4|4|Syrup
20068990|0|20069002|0|Caramel Syrup (+)|1|PCS|4|4|Syrup
20069011|0|20069002|0|Caramel Syrup (+)|1|PCS|4|4|Syrup
20085281|0|20069002|0|Caramel Syrup (+)|1|PCS|4|4|Syrup
20085282|0|20069002|0|Caramel Syrup (+)|1|PCS|4|4|Syrup
20085284|0|20069002|0|Caramel Syrup (+)|1|PCS|4|4|Syrup
20085283|0|20069002|0|Caramel Syrup (+)|1|PCS|4|4|Syrup
20069012|0|20069002|0|Caramel Syrup (+)|1|PCS|4|4|Syrup
20068992|0|20069002|0|Caramel Syrup (+)|1|PCS|4|4|Syrup
20099879|0|20069002|0|Caramel Syrup (+)|1|PCS|4|4|Syrup
20099880|0|20069002|0|Caramel Syrup (+)|1|PCS|4|4|Syrup
20099881|0|20069002|0|Caramel Syrup (+)|1|PCS|4|4|Syrup
20099882|0|20069002|0|Caramel Syrup (+)|1|PCS|4|4|Syrup
20099885|0|20069002|0|Caramel Syrup (+)|1|PCS|4|4|Syrup
20099883|0|20069002|0|Caramel Syrup (+)|1|PCS|4|4|Syrup
20099884|0|20069002|0|Caramel Syrup (+)|1|PCS|4|4|Syrup
20093434|0|20069002|0|Caramel Syrup (+)|1|PCS|4|4|Syrup
20069014|0|20069002|0|Caramel Syrup (+)|1|PCS|4|4|Syrup
20068993|0|20069002|0|Caramel Syrup (+)|1|PCS|4|4|Syrup
20068995|0|20069002|0|Caramel Syrup (+)|1|PCS|4|4|Syrup
20085981|0|20069002|0|Caramel Syrup (+)|1|PCS|4|4|Syrup
20096791|0|20069002|0|Caramel Syrup (+)|1|PCS|4|4|Syrup
20095412|0|20069002|0|Caramel Syrup (+)|1|PCS|4|4|Syrup
20095413|0|20069002|0|Caramel Syrup (+)|1|PCS|4|4|Syrup
20101438|0|20069002|0|Caramel Syrup (+)|1|PCS|4|4|Syrup
20101437|0|20069002|0|Caramel Syrup (+)|1|PCS|4|4|Syrup
20070436|0|20069002|0|Caramel Syrup (+)|1|PCS|4|4|Syrup
20068999|0|20069002|0|Caramel Syrup (+)|1|PCS|4|4|Syrup
20069009|0|20069003|0|Hazelnut Syrup (+)|1|PCS|4|4|Syrup
20074247|0|20069005|0|Espresso shot|1|PCS|4|4|Extra
20068986|0|20096809|0|Brown Sugar Konyaku (+)|1|PCS|4|4|Topping
20068986|0|20069001|0|Vanilla Syrup (+)|1|PCS|4|4|Syrup
20068986|0|20069004|0|Coffee Jelly (+)|1|PCS|4|4|Topping
20068986|0|20099887|0|Caramel Sauce (+)|1|PCS|4|4|Sauce
20068986|0|20099888|0|Chocolate Sauce (+)|1|PCS|4|4|Sauce
20068986|0|20098726|0|Tropical Jelly (+)|1|PCS|4|4|Topping
20068998|0|20099887|0|Caramel Sauce (+)|1|PCS|4|4|Sauce
20068998|0|20098726|0|Tropical Jelly (+)|1|PCS|4|4|Topping
20069009|0|20096809|0|Brown Sugar Konyaku (+)|1|PCS|4|4|Topping
20069009|0|20069001|0|Vanilla Syrup (+)|1|PCS|4|4|Syrup
20069009|0|20099887|0|Caramel Sauce (+)|1|PCS|4|4|Sauce
20069007|0|20069002|0|Caramel Syrup (+)|1|PCS|4|4|Syrup
20069007|0|20089832|0|Whip. Cream (+)|1|PCS|4|4|Extra
20069007|0|20069001|0|Vanilla Syrup (+)|1|PCS|4|4|Syrup
20069007|0|20099888|0|Chocolate Sauce (+)|1|PCS|4|4|Sauce
20069007|0|20098726|0|Tropical Jelly (+)|1|PCS|4|4|Topping
20068988|0|20069005|0|Espresso shot|1|PCS|4|4|Extra
20068988|0|20069002|0|Caramel Syrup (+)|1|PCS|4|4|Syrup
20068988|0|20089832|0|Whip. Cream (+)|1|PCS|4|4|Extra
20068988|0|20069003|0|Hazelnut Syrup (+)|1|PCS|4|4|Syrup
20068988|0|20069001|0|Vanilla Syrup (+)|1|PCS|4|4|Syrup
20099886|0|20096809|0|Brown Sugar Konyaku (+)|1|PCS|4|4|Topping
20099886|0|20069001|0|Vanilla Syrup (+)|1|PCS|4|4|Syrup
20099886|0|20069004|0|Coffee Jelly (+)|1|PCS|4|4|Topping
20099886|0|20099887|0|Caramel Sauce (+)|1|PCS|4|4|Sauce
20099886|0|20099888|0|Chocolate Sauce (+)|1|PCS|4|4|Sauce
20069013|0|20069005|0|Espresso shot|1|PCS|4|4|Extra
20074247|0|20098726|0|Tropical Jelly (+)|1|PCS|4|4|Topping
20069013|0|20069002|0|Caramel Syrup (+)|1|PCS|4|4|Syrup
20069013|0|20089832|0|Whip. Cream (+)|1|PCS|4|4|Extra
20069013|0|20096809|0|Brown Sugar Konyaku (+)|1|PCS|4|4|Topping
20069013|0|20069001|0|Vanilla Syrup (+)|1|PCS|4|4|Syrup
20103279|0|20069005|0|Espresso shot|1|PCS|4|4|Extra
20103279|0|20069002|0|Caramel Syrup (+)|1|PCS|4|4|Syrup
20103279|0|20089832|0|Whip. Cream (+)|1|PCS|4|4|Extra
20103279|0|20069003|0|Hazelnut Syrup (+)|1|PCS|4|4|Syrup
20103279|0|20096809|0|Brown Sugar Konyaku (+)|1|PCS|4|4|Topping
20103279|0|20069001|0|Vanilla Syrup (+)|1|PCS|4|4|Syrup
20069006|0|20096809|0|Brown Sugar Konyaku (+)|1|PCS|4|4|Topping
20099873|0|20096809|0|Brown Sugar Konyaku (+)|1|PCS|4|4|Topping
20099874|0|20096809|0|Brown Sugar Konyaku (+)|1|PCS|4|4|Topping
20099875|0|20096809|0|Brown Sugar Konyaku (+)|1|PCS|4|4|Topping
20069008|0|20096809|0|Brown Sugar Konyaku (+)|1|PCS|4|4|Topping
20099876|0|20096809|0|Brown Sugar Konyaku (+)|1|PCS|4|4|Topping
20069010|0|20096809|0|Brown Sugar Konyaku (+)|1|PCS|4|4|Topping
20068989|0|20096809|0|Brown Sugar Konyaku (+)|1|PCS|4|4|Topping
20072105|0|20096809|0|Brown Sugar Konyaku (+)|1|PCS|4|4|Topping
20071969|0|20096809|0|Brown Sugar Konyaku (+)|1|PCS|4|4|Topping
20074245|0|20096809|0|Brown Sugar Konyaku (+)|1|PCS|4|4|Topping
20079739|0|20096809|0|Brown Sugar Konyaku (+)|1|PCS|4|4|Topping
20090166|0|20096809|0|Brown Sugar Konyaku (+)|1|PCS|4|4|Topping
20075779|0|20096809|0|Brown Sugar Konyaku (+)|1|PCS|4|4|Topping
20068990|0|20096809|0|Brown Sugar Konyaku (+)|1|PCS|4|4|Topping
20069011|0|20096809|0|Brown Sugar Konyaku (+)|1|PCS|4|4|Topping
20085281|0|20096809|0|Brown Sugar Konyaku (+)|1|PCS|4|4|Topping
20085282|0|20096809|0|Brown Sugar Konyaku (+)|1|PCS|4|4|Topping
20085284|0|20096809|0|Brown Sugar Konyaku (+)|1|PCS|4|4|Topping
20085283|0|20096809|0|Brown Sugar Konyaku (+)|1|PCS|4|4|Topping
20069012|0|20096809|0|Brown Sugar Konyaku (+)|1|PCS|4|4|Topping
20068992|0|20096809|0|Brown Sugar Konyaku (+)|1|PCS|4|4|Topping
20099879|0|20096809|0|Brown Sugar Konyaku (+)|1|PCS|4|4|Topping
20099880|0|20096809|0|Brown Sugar Konyaku (+)|1|PCS|4|4|Topping
20099881|0|20096809|0|Brown Sugar Konyaku (+)|1|PCS|4|4|Topping
20099882|0|20096809|0|Brown Sugar Konyaku (+)|1|PCS|4|4|Topping
20099885|0|20096809|0|Brown Sugar Konyaku (+)|1|PCS|4|4|Topping
20099883|0|20096809|0|Brown Sugar Konyaku (+)|1|PCS|4|4|Topping
20099884|0|20096809|0|Brown Sugar Konyaku (+)|1|PCS|4|4|Topping
20093434|0|20096809|0|Brown Sugar Konyaku (+)|1|PCS|4|4|Topping
20069014|0|20096809|0|Brown Sugar Konyaku (+)|1|PCS|4|4|Topping
20068993|0|20096809|0|Brown Sugar Konyaku (+)|1|PCS|4|4|Topping
20068995|0|20096809|0|Brown Sugar Konyaku (+)|1|PCS|4|4|Topping
20085981|0|20096809|0|Brown Sugar Konyaku (+)|1|PCS|4|4|Topping
20096791|0|20096809|0|Brown Sugar Konyaku (+)|1|PCS|4|4|Topping
20095412|0|20096809|0|Brown Sugar Konyaku (+)|1|PCS|4|4|Topping
20095413|0|20096809|0|Brown Sugar Konyaku (+)|1|PCS|4|4|Topping
20101438|0|20096809|0|Brown Sugar Konyaku (+)|1|PCS|4|4|Topping
20101437|0|20096809|0|Brown Sugar Konyaku (+)|1|PCS|4|4|Topping
20070436|0|20096809|0|Brown Sugar Konyaku (+)|1|PCS|4|4|Topping
20068999|0|20096809|0|Brown Sugar Konyaku (+)|1|PCS|4|4|Topping
20093433|0|20096809|0|Brown Sugar Konyaku (+)|1|PCS|4|4|Topping
20093432|0|20096809|0|Brown Sugar Konyaku (+)|1|PCS|4|4|Topping
20069006|0|20099887|0|Caramel Sauce (+)|1|PCS|4|4|Sauce
20099873|0|20099887|0|Caramel Sauce (+)|1|PCS|4|4|Sauce
20099874|0|20099887|0|Caramel Sauce (+)|1|PCS|4|4|Sauce
20099875|0|20099887|0|Caramel Sauce (+)|1|PCS|4|4|Sauce
20069008|0|20099887|0|Caramel Sauce (+)|1|PCS|4|4|Sauce
20099876|0|20099887|0|Caramel Sauce (+)|1|PCS|4|4|Sauce
20069010|0|20099887|0|Caramel Sauce (+)|1|PCS|4|4|Sauce
20068989|0|20099887|0|Caramel Sauce (+)|1|PCS|4|4|Sauce
20072105|0|20099887|0|Caramel Sauce (+)|1|PCS|4|4|Sauce
20071969|0|20099887|0|Caramel Sauce (+)|1|PCS|4|4|Sauce
20074245|0|20099887|0|Caramel Sauce (+)|1|PCS|4|4|Sauce
20079739|0|20099887|0|Caramel Sauce (+)|1|PCS|4|4|Sauce
20090166|0|20099887|0|Caramel Sauce (+)|1|PCS|4|4|Sauce
20075779|0|20099887|0|Caramel Sauce (+)|1|PCS|4|4|Sauce
20068990|0|20099887|0|Caramel Sauce (+)|1|PCS|4|4|Sauce
20069011|0|20099887|0|Caramel Sauce (+)|1|PCS|4|4|Sauce
20085281|0|20099887|0|Caramel Sauce (+)|1|PCS|4|4|Sauce
20085282|0|20099887|0|Caramel Sauce (+)|1|PCS|4|4|Sauce
20085284|0|20099887|0|Caramel Sauce (+)|1|PCS|4|4|Sauce
20085283|0|20099887|0|Caramel Sauce (+)|1|PCS|4|4|Sauce
20069012|0|20099887|0|Caramel Sauce (+)|1|PCS|4|4|Sauce
20068992|0|20099887|0|Caramel Sauce (+)|1|PCS|4|4|Sauce
20099879|0|20099887|0|Caramel Sauce (+)|1|PCS|4|4|Sauce
20099880|0|20099887|0|Caramel Sauce (+)|1|PCS|4|4|Sauce
20099881|0|20099887|0|Caramel Sauce (+)|1|PCS|4|4|Sauce
20099882|0|20099887|0|Caramel Sauce (+)|1|PCS|4|4|Sauce
20099885|0|20099887|0|Caramel Sauce (+)|1|PCS|4|4|Sauce
20099883|0|20099887|0|Caramel Sauce (+)|1|PCS|4|4|Sauce
20099884|0|20099887|0|Caramel Sauce (+)|1|PCS|4|4|Sauce
20093434|0|20099887|0|Caramel Sauce (+)|1|PCS|4|4|Sauce
20069014|0|20099887|0|Caramel Sauce (+)|1|PCS|4|4|Sauce
20068993|0|20099887|0|Caramel Sauce (+)|1|PCS|4|4|Sauce
20068995|0|20099887|0|Caramel Sauce (+)|1|PCS|4|4|Sauce
20085981|0|20099887|0|Caramel Sauce (+)|1|PCS|4|4|Sauce
20096791|0|20099887|0|Caramel Sauce (+)|1|PCS|4|4|Sauce
20095412|0|20099887|0|Caramel Sauce (+)|1|PCS|4|4|Sauce
20095413|0|20099887|0|Caramel Sauce (+)|1|PCS|4|4|Sauce
20101438|0|20099887|0|Caramel Sauce (+)|1|PCS|4|4|Sauce
20101437|0|20099887|0|Caramel Sauce (+)|1|PCS|4|4|Sauce
20070436|0|20099887|0|Caramel Sauce (+)|1|PCS|4|4|Sauce
20068999|0|20099887|0|Caramel Sauce (+)|1|PCS|4|4|Sauce
20093433|0|20069002|0|Caramel Syrup (+)|1|PCS|4|4|Syrup
20093432|0|20069002|0|Caramel Syrup (+)|1|PCS|4|4|Syrup
20069006|0|20099888|0|Chocolate Sauce (+)|1|PCS|4|4|Sauce
20099873|0|20099888|0|Chocolate Sauce (+)|1|PCS|4|4|Sauce
20099874|0|20099888|0|Chocolate Sauce (+)|1|PCS|4|4|Sauce
20099875|0|20099888|0|Chocolate Sauce (+)|1|PCS|4|4|Sauce
20068998|0|20069004|0|Coffee Jelly (+)|1|PCS|4|4|Topping
20068986|0|20069003|0|Hazelnut Syrup (+)|1|PCS|4|4|Syrup
20068991|0|20109853|0|Upsize (+)|1|PCS|4|1|Upsize
20068991|0|20099887|0|Caramel Sauce (+)|1|PCS|4|4|Sauce
20103703|0|20069003|0|Hazelnut Syrup (+)|1|PCS|4|4|Syrup
20103703|0|20069001|0|Vanilla Syrup (+)|1|PCS|4|4|Syrup
20103279|0|20069004|0|Coffee Jelly (+)|1|PCS|4|4|Topping
20103279|0|20099887|0|Caramel Sauce (+)|1|PCS|4|4|Sauce
20103279|0|20099888|0|Chocolate Sauce (+)|1|PCS|4|4|Sauce
20103279|0|20098726|0|Tropical Jelly (+)|1|PCS|4|4|Topping
20103774|0|20089832|0|Whip. Cream (+)|1|PCS|4|4|Extra
20103774|0|20099888|0|Chocolate Sauce (+)|1|PCS|4|4|Sauce
20101438|0|20101436|0|Tropicana Sgr|1|PCS|4|4|Others
20096791|0|20109843|0|Upsize (+)|1|PCS|4|1|Upsize
20103703|0|20096809|0|Brown Sugar Konyaku (+)|1|PCS|4|4|Topping
20103704|0|20069005|0|Espresso shot|1|PCS|4|4|Extra
20103704|0|20089832|0|Whip. Cream (+)|1|PCS|4|4|Extra
20103703|0|20069004|0|Coffee Jelly (+)|1|PCS|4|4|Topping
20103703|0|20099887|0|Caramel Sauce (+)|1|PCS|4|4|Sauce
20103703|0|20099888|0|Chocolate Sauce (+)|1|PCS|4|4|Sauce
20103704|0|20069002|0|Caramel Syrup (+)|1|PCS|4|4|Syrup
20103704|0|20069003|0|Hazelnut Syrup (+)|1|PCS|4|4|Syrup
20069007|0|20109849|0|Upsize (+)|1|PCS|4|1|Upsize
20068986|0|20109850|0|Upsize (+)|1|PCS|4|1|Upsize
20068990|0|20109815|0|Upsize (+)|1|PCS|4|1|Upsize
20103704|0|20096809|0|Brown Sugar Konyaku (+)|1|PCS|4|4|Topping
20103704|0|20069001|0|Vanilla Syrup (+)|1|PCS|4|4|Syrup
20103704|0|20069004|0|Coffee Jelly (+)|1|PCS|4|4|Topping
20103704|0|20099887|0|Caramel Sauce (+)|1|PCS|4|4|Sauce
20103704|0|20099888|0|Chocolate Sauce (+)|1|PCS|4|4|Sauce
20068989|0|20109822|0|Upsize (+)|1|PCS|4|1|Upsize
20068992|0|20109848|0|Upsize (+)|1|PCS|4|1|Upsize
20068993|0|20109862|0|Upsize (+)|1|PCS|4|1|Upsize
20085282|0|20109814|0|Upsize (+)|1|PCS|4|1|Upsize
20079739|0|20109857|0|Upsize (+)|1|PCS|4|1|Upsize
20085284|0|20109811|0|Upsize (+)|1|PCS|4|1|Upsize
20085281|0|20109812|0|Upsize (+)|1|PCS|4|1|Upsize
20093434|0|20109860|0|Upsize (+)|1|PCS|4|1|Upsize
20095412|0|20109846|0|Upsize (+)|1|PCS|4|1|Upsize
20068987|0|20109827|0|Upsize (+)|1|PCS|4|1|Upsize
20099876|0|20109844|0|Upsize (+)|1|PCS|4|1|Upsize
20074245|0|20101436|0|Tropicana Sgr|1|PCS|4|4|Others
20106106|0|20069003|0|Hazelnut Syrup (+)|1|PCS|4|4|Syrup
20106106|0|20099887|0|Caramel Sauce (+)|1|PCS|4|4|Sauce
20074247|0|20101436|0|Tropicana Sgr|1|PCS|4|4|Others
20069014|0|20101436|0|Tropicana Sgr|1|PCS|4|4|Others
20079739|0|20101436|0|Tropicana Sgr|1|PCS|4|4|Others
20069006|0|20101436|0|Tropicana Sgr|1|PCS|4|4|Others
20099873|0|20101436|0|Tropicana Sgr|1|PCS|4|4|Others
20099875|0|20101436|0|Tropicana Sgr|1|PCS|4|4|Others
20068997|0|20109836|0|Upsize (+)|1|PCS|4|1|Upsize
20068997|0|20101436|0|Tropicana Sgr|1|PCS|4|4|Others
20101437|0|20101436|0|Tropicana Sgr|1|PCS|4|4|Others
20070436|0|20101436|0|Tropicana Sgr|1|PCS|4|4|Others
20093433|0|20101436|0|Tropicana Sgr|1|PCS|4|4|Others
20113168|0|20069005|0|Espresso shot|1|PCS|4|4|Extra
20113168|0|20069001|0|Vanilla Syrup (+)|1|PCS|4|4|Syrup
20113169|0|20069001|0|Vanilla Syrup (+)|1|PCS|4|4|Syrup
20113169|0|20089832|0|Whip. Cream (+)|1|PCS|4|4|Extra
20106112|0|20109399|0|Ice Cube(+)|1|PCS|2|1|Extra
20085981|0|20101436|0|Tropicana Sgr|1|PCS|4|4|Others
20096329|0|20069001|0|Vanilla Syrup (+)|1|PCS|4|4|Syrup
20096329|0|20101436|0|Tropicana Sgr|1|PCS|4|4|Others
20115961|0|20069001|0|Vanilla Syrup (+)|1|PCS|4|4|Syrup
20113169|0|20104086|0|Nangka Jelly (+)|1|PCS|4|4|Topping
20115961|0|20099887|0|Caramel Sauce (+)|1|PCS|4|4|Sauce
20113168|0|20109399|0|Ice Cube(+)|1|PCS|4|4|Extra
20113309|0|20104086|0|Nangka Jelly (+)|1|PCS|4|4|Topping
20113168|0|20104086|0|Nangka Jelly (+)|1|PCS|4|4|Topping
20112872|0|20104086|0|Nangka Jelly (+)|1|PCS|4|4|Topping
20106106|0|20104086|0|Nangka Jelly (+)|1|PCS|4|4|Topping
20113169|0|20109399|0|Ice Cube(+)|1|PCS|4|4|Extra
20116852|0|20069001|0|Vanilla Syrup (+)|1|PCS|4|4|Syrup
20116852|0|20069003|0|Hazelnut Syrup (+)|1|PCS|4|4|Syrup
20116852|0|20069002|0|Caramel Syrup (+)|1|PCS|4|4|Syrup
20116850|0|20099888|0|Chocolate Sauce (+)|1|PCS|4|4|Sauce
20116850|0|20069002|0|Caramel Syrup (+)|1|PCS|4|4|Syrup
20116850|0|20069004|0|Coffee Jelly (+)|1|PCS|4|4|Topping
20116850|0|20096809|0|Brown Sugar Konyaku (+)|1|PCS|4|4|Topping
20116850|0|20098726|0|Tropical Jelly (+)|1|PCS|4|4|Topping
20116850|0|20104086|0|Nangka Jelly (+)|1|PCS|4|4|Topping
20116850|0|20069005|0|Espresso shot|1|PCS|4|4|Extra
20116850|0|20089832|0|Whip. Cream (+)|1|PCS|4|4|Extra
20103705|0|20101436|0|Tropicana Sgr|1|PCS|4|4|Others
20119613|0|20069002|0|NORMAL|1|PCS|4|4|Syrup
20119613|0|20069004|0|NORMAL|1|PCS|4|4|Topping
20119613|0|20096809|0|Brown Sugar Konyaku (+)|1|PCS|4|4|Topping
20119613|0|20098726|0|Tropical Jelly (+)|1|PCS|4|4|Topping
20119613|0|20104086|0|Nangka Jelly (+)|1|PCS|4|4|Topping
20119614|0|20069001|0||1|PCS|4|4|Syrup
20119614|0|20099888|0|Chocolate Sauce (+)|1|PCS|4|4|Sauce
20119616|0|20099887|0|Caramel Sauce (+)|1|PCS|4|4|Sauce
20119618|0|20096809|0|Brown Sugar Konyaku (+)|1|PCS|4|4|Topping
20119618|0|20101436|0|Tropicana Sgr|1|PCS|4|4|Others
20074247|0|20104086|0|Nangka Jelly (+)|1|PCS|4|4|Topping
20089518|0|20069002|0|Caramel Syrup (+)|1|PCS|4|4|Syrup
20089518|0|20099888|0|Chocolate Sauce (+)|1|PCS|4|4|Sauce
20082342|0|20099887|0|Caramel Sauce (+)|1|PCS|4|4|Sauce
20082342|0|20069004|0|NORMAL|1|PCS|4|4|Topping
20082342|0|20096809|0|Brown Sugar Konyaku (+)|1|PCS|4|4|Topping
20082342|0|20069005|0|Espresso shot|1|PCS|4|4|Extra
20082342|0|20089832|0|Whip. Cream (+)|1|PCS|4|4|Extra
20122041|0|20098726|0|Tropical Jelly (+)|1|PCS|4|4|Topping
20122041|0|20104086|0|Nangka Jelly (+)|1|PCS|4|4|Topping
20122041|0|20069005|0|Espresso shot|1|PCS|4|4|Extra
20122041|0|20101436|0|Tropicana Sgr|1|PCS|4|4|Others
20068989|0|20104086|0|Nangka Jelly (+)|1|PCS|4|4|Topping
20068991|0|20101436|0|Tropicana Sgr|1|PCS|4|4|Others
20068993|0|20104086|0|Nangka Jelly (+)|1|PCS|4|4|Topping
20068995|0|20104086|0|Nangka Jelly (+)|1|PCS|4|4|Topping
20068997|0|20104086|0|Nangka Jelly (+)|1|PCS|4|4|Topping
20068998|0|20104086|0|Nangka Jelly (+)|1|PCS|4|4|Topping
20069013|0|20101436|0|Tropicana Sgr|1|PCS|4|4|Others
20071969|0|20104086|0|Nangka Jelly (+)|1|PCS|4|4|Topping
20079739|0|20104086|0|Nangka Jelly (+)|1|PCS|4|4|Topping
20085981|0|20104086|0|Nangka Jelly (+)|1|PCS|4|4|Topping
20103278|0|20101436|0|Tropicana Sgr|1|PCS|4|4|Others
20113310|0|20098726|0|Tropical Jelly (+)|1|PCS|4|4|Topping
20113310|0|20113312|0|Upsize (+)|1|PCS|4|1|Upsize
20113309|0|20069004|0|Coffee Jelly (+)|1|PCS|4|4|Topping
20069006|0|20069005|0|Espresso shot|1|PCS|4|4|Extra
20074247|0|20099888|0|Chocolate Sauce (+)|1|PCS|4|4|Sauce
20068988|0|20099888|0|Chocolate Sauce (+)|1|PCS|4|4|Sauce
20103774|0|20099887|0|Caramel Sauce (+)|1|PCS|4|4|Sauce
20085263|0|20096809|0|Brown Sugar Konyaku (+)|1|PCS|4|4|Topping
20103774|0|20069002|0|Caramel Syrup (+)|1|PCS|4|4|Syrup
20099881|0|20109830|0|Upsize (+)|1|PCS|4|1|Upsize
20099881|0|20101436|0|Tropicana Sgr|1|PCS|4|4|Others
20068986|0|20069003|0|Hazelnut Syrup (+)|1|PCS|4|4|Syrup
20068986|0|20069002|0|Caramel Syrup (+)|1|PCS|4|4|Syrup
20068987|0|20069002|0|Caramel Syrup (+)|1|PCS|4|4|Syrup
20068998|0|20069002|0|Caramel Syrup (+)|1|PCS|4|4|Syrup
20068998|0|20099888|0|Chocolate Sauce (+)|1|PCS|4|4|Sauce
20068987|0|20096809|0|Brown Sugar Konyaku (+)|1|PCS|4|4|Topping
20068987|0|20099887|0|Caramel Sauce (+)|1|PCS|4|4|Sauce
20068997|0|20069005|0|Espresso shot|1|PCS|4|4|Extra
20068997|0|20069002|0|Caramel Syrup (+)|1|PCS|4|4|Syrup
20068997|0|20089832|0|Whip. Cream (+)|1|PCS|4|4|Extra
20068997|0|20069003|0|Hazelnut Syrup (+)|1|PCS|4|4|Syrup
20068997|0|20096809|0|Brown Sugar Konyaku (+)|1|PCS|4|4|Topping
20068997|0|20069001|0|Vanilla Syrup (+)|1|PCS|4|4|Syrup
20068997|0|20069004|0|Coffee Jelly (+)|1|PCS|4|4|Topping
20068997|0|20099887|0|Caramel Sauce (+)|1|PCS|4|4|Sauce
20068997|0|20099888|0|Chocolate Sauce (+)|1|PCS|4|4|Sauce
20068997|0|20098726|0|Tropical Jelly (+)|1|PCS|4|4|Topping
20068988|0|20096809|0|Brown Sugar Konyaku (+)|1|PCS|4|4|Topping
20068988|0|20099887|0|Caramel Sauce (+)|1|PCS|4|4|Sauce
20068988|0|20098726|0|Tropical Jelly (+)|1|PCS|4|4|Topping
20069013|0|20069003|0|Hazelnut Syrup (+)|1|PCS|4|4|Syrup
20074247|0|20069001|0|Vanilla Syrup (+)|1|PCS|4|4|Syrup
20099882|0|20109832|0|Upsize (+)|1|PCS|4|1|Upsize
20099882|0|20101436|0|Tropicana Sgr|1|PCS|4|4|Others
20111897|0|20089832|0|Whip. Cream (+)|1|PCS|4|4|Extra
20111897|0|20069004|0|Coffee Jelly (+)|1|PCS|4|4|Topping
20111897|0|20096809|0|Brown Sugar Konyaku (+)|1|PCS|4|4|Topping
20111897|0|20098726|0|Tropical Jelly (+)|1|PCS|4|4|Topping
20111897|0|20069005|0|Espresso shot|1|PCS|4|4|Extra
20111897|0|20069003|0|Hazelnut Syrup (+)|1|PCS|4|4|Syrup
20106106|0|20069004|0|Coffee Jelly (+)|1|PCS|4|4|Topping
20106106|0|20096809|0|Brown Sugar Konyaku (+)|1|PCS|4|4|Topping
20106106|0|20069005|0|Espresso shot|1|PCS|4|4|Extra
20106106|0|20101436|0|Tropicana Sgr|1|PCS|4|4|Others
20068999|0|20104086|0|Nangka Jelly (+)|1|PCS|4|4|Topping
20112872|0|20099888|0|Chocolate Sauce (+)|1|PCS|4|4|Sauce
20115979|0|20104086|0|Nangka Jelly (+)|1|PCS|4|4|Topping
20112872|0|20101436|0|Tropicana Sgr|1|PCS|4|4|Others
20106111|0|20109399|0|Ice Cube(+)|1|PCS|2|1|Extra
20113168|0|20098726|0|Tropical Jelly (+)|1|PCS|4|4|Topping
20113168|0|20101436|0|Tropicana Sgr|1|PCS|4|4|Others
20113169|0|20099888|0|Chocolate Sauce (+)|1|PCS|4|4|Sauce
20113169|0|20069004|0|Coffee Jelly (+)|1|PCS|4|4|Topping
20116852|0|20098726|0|Tropical Jelly (+)|1|PCS|4|4|Topping
20119613|0|20069003|0|Hazelnut Syrup (+)|1|PCS|4|4|Syrup
20119614|0|20096809|0|Brown Sugar Konyaku (+)|1|PCS|4|4|Topping
20119614|0|20098726|0|Tropical Jelly (+)|1|PCS|4|4|Topping
20085283|0|20101436|0|Tropicana Sgr|1|PCS|4|4|Others
20082342|0|20104086|0|Nangka Jelly (+)|1|PCS|4|4|Topping
20068986|0|20104086|0|Nangka Jelly (+)|1|PCS|4|4|Topping
20068988|0|20104086|0|Nangka Jelly (+)|1|PCS|4|4|Topping
20069010|0|20104086|0|Nangka Jelly (+)|1|PCS|4|4|Topping
20068996|0|20069001|0|Vanilla Syrup (+)|1|PCS|4|4|Syrup
20113309|0|20069001|0|Vanilla Syrup (+)|1|PCS|4|4|Syrup
20113309|0|20069003|0|Hazelnut Syrup (+)|1|PCS|4|4|Syrup
20068996|0|20069003|0|Hazelnut Syrup (+)|1|PCS|4|4|Syrup
20113309|0|20069002|0|Caramel Syrup (+)|1|PCS|4|4|Syrup
20113309|0|20099887|0|Caramel Sauce (+)|1|PCS|4|4|Sauce
20113361|0|20117227|0|Add Sauce Rte|1|PCS|4|4|Extra
20113309|0|20099888|0|Chocolate Sauce (+)|1|PCS|4|4|Sauce
20113361|0|20113630|0|Add Sauce Rte|1|PCS|4|4|Extra
20113361|0|20115039|0|Add Sauce Rte|1|PCS|4|4|Extra
20068996|0|20099888|0|Chocolate Sauce (+)|1|PCS|4|4|Sauce
20113361|0|20120505|0|Add Sauce Rte|1|PCS|4|4|Extra
20113361|0|20117225|0|Add Sauce Rte|1|PCS|4|4|Extra
20113361|0|20120504|0|Add Sauce Rte|1|PCS|4|4|Extra
20113361|0|20120503|0|Add Sauce Rte|1|PCS|4|4|Extra
20113361|0|20117226|0|Add Sauce Rte|1|PCS|4|4|Extra
20113363|0|20113628|0|Add Sauce Rte|1|PCS|4|4|Extra
20113363|0|20113632|0|Add Sauce Rte|1|PCS|4|4|Extra
20113363|0|20113630|0|Add Sauce Rte|1|PCS|4|4|Extra
20113363|0|20115038|0|Add Sauce Rte|1|PCS|4|4|Extra
20113363|0|20115039|0|Add Sauce Rte|1|PCS|4|4|Extra
20113363|0|20107657|0|Add Sauce Rte|1|PCS|4|4|Extra
20113364|0|20120504|0|Add Sauce Rte|1|PCS|4|4|Extra
20120501|0|20120504|0|Add Sauce Rte|1|PCS|4|4|Extra
20120501|0|20120503|0|Add Sauce Rte|1|PCS|4|4|Extra
20120501|0|20117226|0|Add Sauce Rte|1|PCS|4|4|Extra
20120502|0|20113628|0|Add Sauce Rte|1|PCS|4|4|Extra
20120502|0|20117227|0|Add Sauce Rte|1|PCS|4|4|Extra
20120502|0|20115038|0|Add Sauce Rte|1|PCS|4|4|Extra
20120502|0|20117225|0|Add Sauce Rte|1|PCS|4|4|Extra
20068996|0|20069004|0|Coffee Jelly (+)|1|PCS|4|4|Topping
20068996|0|20098726|0|Tropical Jelly (+)|1|PCS|4|4|Topping
20068996|0|20123084|0|Add Cream Cheese (+)|1|PCS|4|4|Topping
20068996|0|20089832|0|Whip. Cream (+)|1|PCS|4|4|Extra
20123045|0|20069001|0|Vanilla Syrup (+)|1|PCS|4|4|Syrup
20123045|0|20069003|0|Hazelnut Syrup (+)|1|PCS|4|4|Syrup
20123045|0|20089832|0|NORMAL|1|PCS|4|4|Extra
20123045|0|20123084|0|Add Cream Cheese (+)|1|PCS|4|4|Topping
20123046|0|20089832|0|Whip. Cream (+)|1|PCS|4|4|Extra
20123046|0|20101436|0|Tropicana Sgr|1|PCS|4|4|Others
20123047|0|20069002|0|Caramel Syrup (+)|1|PCS|4|4|Syrup
20123047|0|20123084|0|Add Cream Cheese (+)|1|PCS|4|4|Topping
20123047|0|20101436|0|Tropicana Sgr|1|PCS|4|4|Others
20123048|0|20099888|0|Chocolate Sauce (+)|1|PCS|4|4|Sauce
20123048|0|20096809|0|Brown Sugar Konyaku (+)|1|PCS|4|4|Topping
20123048|0|20098726|0|Tropical Jelly (+)|1|PCS|4|4|Topping
20123049|0|20069001|0|Vanilla Syrup (+)|1|PCS|4|4|Syrup
20123049|0|20069003|0|Hazelnut Syrup (+)|1|PCS|4|4|Syrup
20123049|0|20069002|0|Caramel Syrup (+)|1|PCS|4|4|Syrup
20123049|0|20099888|0|Chocolate Sauce (+)|1|PCS|4|4|Sauce
20123049|0|20099887|0|Caramel Sauce (+)|1|PCS|4|4|Sauce
20123049|0|20098726|0|Tropical Jelly (+)|1|PCS|4|4|Topping
20123049|0|20069004|0|Coffee Jelly (+)|1|PCS|4|4|Topping
20123049|0|20096809|0|Brown Sugar Konyaku (+)|1|PCS|4|4|Topping
20123049|0|20104086|0|Nangka Jelly (+)|1|PCS|4|4|Topping
20123049|0|20101436|0|Tropicana Sgr|1|PCS|4|4|Others
20123064|0|20101436|0|Tropicana Sgr|1|PCS|4|4|Others
20123065|0|20101436|0|Tropicana Sgr|1|PCS|4|4|Others
20115961|0|20123084|0|Add Cream Cheese (+)|1|PCS|4|4|Topping
20099874|0|20123084|0|Add Cream Cheese (+)|1|PCS|4|4|Topping
20079739|0|20123084|0|Add Cream Cheese (+)|1|PCS|4|4|Topping
20068990|0|20123084|0|Add Cream Cheese (+)|1|PCS|4|4|Topping
20069011|0|20123084|0|Add Cream Cheese (+)|1|PCS|4|4|Topping
20085282|0|20123084|0|Add Cream Cheese (+)|1|PCS|4|4|Topping
20099873|0|20069005|0|Espresso shot|1|PCS|4|4|Extra
20099874|0|20069005|0|Espresso shot|1|PCS|4|4|Extra
20070436|20069028|0|20072104|Soy (S)|1|PCS|4|1|Substitusi
20070438|20069027|0|20089523|Decaff Esp (S)|1|PCS|0|1|Substitusi
20070440|20069028|0|20072104|Soy (S)|1|PCS|0|1|Substitusi
20090166|20069027|0|20089523|Decaff Esp (S)|1|PCS|4|1|Substitusi
20090163|20069027|0|20089523|Decaff Esp (S)|1|PCS|0|1|Substitusi
20090164|20069027|0|20089523|Decaff Esp (S)|1|PCS|0|1|Substitusi
20090165|20069027|0|20089523|Decaff Esp (S)|1|PCS|0|1|Substitusi
20096791|20069028|0|20122238|Oat Milk (S)|1|PCS|4|1|Substitusi
20096791|20069028|0|20072104|Soy (S)|1|PCS|4|1|Substitusi
20103703|20069028|0|20122238|Oat Milk (S)|1|PCS|4|1|Substitusi
20103703|20069028|0|20072104|Soy (S)|1|PCS|4|1|Substitusi
20103703|20069027|0|20089523|Decaff Esp (S)|1|PCS|4|1|Substitusi
20103706|20069027|0|20089523|Decaff Esp (S)|1|PCS|4|1|Substitusi
20112871|20069028|0|20122238|Oat Milk (S)|1|PCS|4|1|Substitusi
20112871|20069028|0|20072104|Soy (S)|1|PCS|4|1|Substitusi
20069009|20069028|0|20072104|Soy (S)|1|PCS|4|1|Substitusi
20069009|20069028|0|20122238|Oat Milk (S)|1|PCS|4|1|Substitusi
20069009|20069027|0|20089523|Decaff Esp (S)|1|PCS|4|1|Substitusi
20068988|20069028|0|20122238|Oat Milk (S)|1|PCS|4|1|Substitusi
20068988|20069027|0|20089523|Decaff Esp (S)|1|PCS|4|1|Substitusi
20068988|20069028|0|20072104|Soy (S)|1|PCS|4|1|Substitusi
20069010|20069028|0|20122238|Oat Milk (S)|1|PCS|4|1|Substitusi
20069010|20069027|0|20089523|Decaff Esp (S)|1|PCS|4|1|Substitusi
20069010|20069028|0|20072104|Soy (S)|1|PCS|4|1|Substitusi
20068989|20069028|0|20122238|Oat Milk (S)|1|PCS|4|1|Substitusi
20068989|20069027|0|20089523|Decaff Esp (S)|1|PCS|4|1|Substitusi
20068989|20069028|0|20072104|Soy (S)|1|PCS|4|1|Substitusi
20068987|20069028|0|20072104|Soy (S)|1|PCS|4|1|Substitusi
20068987|20069028|0|20122238|Oat Milk (S)|1|PCS|4|1|Substitusi
20068987|20069027|0|20089523|Decaff Esp (S)|1|PCS|4|1|Substitusi
20068997|20069028|0|20072104|Soy (S)|1|PCS|4|1|Substitusi
20068997|20069028|0|20122238|Oat Milk (S)|1|PCS|4|1|Substitusi
20068995|20069028|0|20122238|Oat Milk (S)|1|PCS|4|1|Substitusi
20068995|20069028|0|20072104|Soy (S)|1|PCS|4|1|Substitusi
20069006|20069027|0|20089523|Decaff Esp (S)|1|PCS|4|1|Substitusi
20068996|20069028|0|20122238|Oat Milk (S)|1|PCS|4|1|Substitusi
20068996|20069027|0|20089523|Decaff Esp (S)|1|PCS|4|1|Substitusi
20068996|20069028|0|20072104|Soy (S)|1|PCS|4|1|Substitusi
20069013|20069028|0|20122238|Oat Milk (S)|1|PCS|4|1|Substitusi
20069013|20069028|0|20072104|Soy (S)|1|PCS|4|1|Substitusi
20068991|20069028|0|20072104|Soy (S)|1|PCS|4|1|Substitusi
20068991|20069028|0|20122238|Oat Milk (S)|1|PCS|4|1|Substitusi
20068998|20069028|0|20122238|Oat Milk (S)|1|PCS|4|1|Substitusi
20068998|20069028|0|20072104|Soy (S)|1|PCS|4|1|Substitusi
20069007|20069027|0|20089523|Decaff Esp (S)|1|PCS|4|1|Substitusi
20068986|20069027|0|20089523|Decaff Esp (S)|1|PCS|4|1|Substitusi
20069014|20069028|0|20122238|Oat Milk (S)|1|PCS|4|1|Substitusi
20069014|20069028|0|20072104|Soy (S)|1|PCS|4|1|Substitusi
20068993|20069028|0|20072104|Soy (S)|1|PCS|4|1|Substitusi
20068993|20069028|0|20122238|Oat Milk (S)|1|PCS|4|1|Substitusi
20069008|20069028|0|20072104|Soy (S)|1|PCS|4|1|Substitusi
20069008|20069028|0|20122238|Oat Milk (S)|1|PCS|4|1|Substitusi
20069008|20069027|0|20089523|Decaff Esp (S)|1|PCS|4|1|Substitusi
20077524|20069028|0|20072104|Soy (S)|1|PCS|0|1|Substitusi
20077524|20069027|0|20089523|Decaff Esp (S)|1|PCS|0|1|Substitusi
20079739|20069028|0|20072104|Soy (S)|1|PCS|4|1|Substitusi
20079739|20069028|0|20122238|Oat Milk (S)|1|PCS|4|1|Substitusi
20079739|20069027|0|20089523|Decaff Esp (S)|1|PCS|4|1|Substitusi
20085981|20069028|0|20072104|Soy (S)|1|PCS|4|1|Substitusi
20085981|20069028|0|20122238|Oat Milk (S)|1|PCS|4|1|Substitusi
20089508|20069028|0|20072104|Soy (S)|1|PCS|0|1|Substitusi
20089507|20069028|0|20072104|Soy (S)|1|PCS|0|1|Substitusi
20089509|20069028|0|20072104|Soy (S)|1|PCS|0|1|Substitusi
20089510|20069028|0|20072104|Soy (S)|1|PCS|0|1|Substitusi
20089511|20069028|0|20072104|Soy (S)|1|PCS|0|1|Substitusi
20089512|20069028|0|20072104|Soy (S)|1|PCS|0|1|Substitusi
20089513|20069028|0|20072104|Soy (S)|1|PCS|0|1|Substitusi
20089514|20069028|0|20072104|Soy (S)|1|PCS|0|1|Substitusi
20089515|20069028|0|20072104|Soy (S)|1|PCS|0|1|Substitusi
20089516|20069028|0|20072104|Soy (S)|1|PCS|0|1|Substitusi
20089518|20069028|0|20122238|Oat Milk (S)|1|PCS|4|1|Substitusi
20089518|20069027|0|20089523|Decaf Esp (S)|1|PCS|4|1|Substitusi
20089518|20069028|0|20072104|Soy (S)|1|PCS|4|1|Substitusi
20106114|20069777|0|20069646||1|PCS|1|0|
20106114|20069028|0|20072104|Soy (S)|1|PCS|1|0|Substitusi
20074245|20069028|0|20122238|Oat Milk (S)|1|PCS|4|1|Substitusi
20074245|20069028|0|20072104|Soy (S)|1|PCS|4|1|Substitusi
20074245|20069027|0|20089523|Decaff Esp (S)|1|PCS|4|1|Substitusi
20074246|20069028|0|20072104|Soy (S)|1|PCS|0|1|Substitusi
20074247|20069028|0|20122238|Oat Milk (S)|1|PCS|4|1|Substitusi
20074247|20069027|0|20089523|Decaff Esp (S)|1|PCS|4|1|Substitusi
20074247|20069028|0|20072104|Soy (S)|1|PCS|4|1|Substitusi
20075779|20069027|0|20089523|Decaff Esp (S)|1|PCS|4|1|Substitusi
20078936|20069028|0|20072104|Soy (S)|1|PCS|0|1|Substitusi
20084432|20069027|0|20089523|Decaff Esp (S)|1|PCS|0|1|Substitusi
20084432|20069028|0|20072104|Soy (S)|1|PCS|0|1|Substitusi
20084433|20069028|0|20072104|Soy (S)|1|PCS|0|1|Substitusi
20084434|20069028|0|20072104|Soy (S)|1|PCS|0|1|Substitusi
20093432|20069027|0|20089523|Decaff Esp (S)|1|PCS|4|1|Substitusi
20093432|20069028|0|20072104|Soy (S)|1|PCS|4|1|Substitusi
20093433|20069028|0|20072104|Soy (S)|1|PCS|4|1|Substitusi
20093433|20069028|0|20122238|Oat Milk (S)|1|PCS|4|1|Substitusi
20093433|20069027|0|20089523|Decaff Esp (S)|1|PCS|4|1|Substitusi
20095412|20069028|0|20122238|Oat Milk (S)|1|PCS|4|1|Substitusi
20095412|20069028|0|20072104|Soy (S)|1|PCS|4|1|Substitusi
20095412|20069027|0|20089523|Decaff Esp (S)|1|PCS|4|1|Substitusi
20099873|20069027|0|20089523|Decaff Esp (S)|1|PCS|4|1|Substitusi
20099874|20069027|0|20089523|Decaff Esp (S)|1|PCS|4|1|Substitusi
20099876|20069028|0|20072104|Soy (S)|1|PCS|4|1|Substitusi
20099876|20069028|0|20122238|Oat Milk (S)|1|PCS|4|1|Substitusi
20099876|20069027|0|20089523|Decaff Esp (S)|1|PCS|4|1|Substitusi
20099875|20069028|0|20122238|Oat Milk (S)|1|PCS|4|1|Substitusi
20099875|20069028|0|20072104|Soy (S)|1|PCS|4|0|Substitusi
20099875|20069027|0|20089523|Decaff Esp (S)|1|PCS|4|1|Substitusi
20106106|20069028|0|20122238|Oat Milk (S)|1|PCS|4|1|Substitusi
20106106|20069028|0|20072104|Soy (S)|1|PCS|4|1|Substitusi
20114169|20069028|0|20122238|Oat Milk (S)|1|PCS|4|1|Substitusi
20114169|20069027|0|20089523|Decaff Esp (S)|1|PCS|4|1|Substitusi
20114169|20069028|0|20072104|Soy (S)|1|PCS|4|1|Substitusi
20114167|20069028|0|20122238|Oat Milk (S)|1|PCS|4|1|Substitusi
20114167|20069028|0|20072104|Soy (S)|1|PCS|4|1|Substitusi
20114167|20069027|0|20089523|Decaff Esp (S)|1|PCS|4|1|Substitusi
20114168|20069027|0|20089523|Decaff Esp (S)|1|PCS|4|1|Substitusi
20114168|20069028|0|20072104|Soy (S)|1|PCS|4|1|Substitusi
20114168|20069028|0|20122238|Oat Milk (S)|1|PCS|4|1|Substitusi
20114170|20069027|0|20089523|Decaff Esp (S)|1|PCS|4|1|Substitusi
20116850|20069028|0|20072104|Soy (S)|1|PCS|4|1|Substitusi
20116850|20069028|0|20122238|Oat Milk (S)|1|PCS|4|1|Substitusi
20072105|20069028|0|20072104|Soy (S)|1|PCS|4|1|Substitusi
20072105|20069028|0|20122238|Oat Milk (S)|1|PCS|4|1|Substitusi
20072105|20069027|0|20089523|Decaff Esp (S)|1|PCS|4|1|Substitusi
20089874|20069028|0|20072104|Soy (S)|1|PCS|0|1|Substitusi
20091306|20069028|0|20072104|Soy (S)|1|PCS|4|1|Substitusi
20091306|20069027|0|20089523|Decaff Esp (S)|1|PCS|4|1|Substitusi
20091306|20069028|0|20122238|Oat Milk (S)|1|PCS|4|1|Substitusi
20111897|20069028|0|20072104|Soy (S)|1|PCS|4|1|Substitusi
20111897|20069028|0|20122238|Oat Milk (S)|1|PCS|4|1|Substitusi
20113309|20069028|0|20072104|Soy (S)|1|PCS|4|1|Substitusi
20113309|20069028|0|20122238|Oat Milk (S)|1|PCS|4|1|Substitusi
20113309|20069027|0|20089523|Decaff Esp (S)|1|PCS|4|1|Substitusi
20113310|20069028|0|20072104|Soy (S)|1|PCS|4|1|Substitusi
20113310|20069027|0|20089523|Decaff Esp (S)|1|PCS|4|1|Substitusi
20113310|20069028|0|20122238|Oat Milk (S)|1|PCS|4|1|Substitusi
20115961|20069027|0|20089523|Decaf Esp (S)|1|PCS|4|0|Substitusi
20119613|20069028|0|20072104|Soy (S)|1|PCS|4|1|Substitusi
20119613|20069028|0|20122238|Oat Milk (S)|1|PCS|4|1|Substitusi
20119614|20069028|0|20072104|Soy (S)|1|PCS|4|1|Substitusi
20119614|20069028|0|20122238|Oat Milk (S)|1|PCS|4|1|Substitusi
20119615|20069028|0|20122238|Oat Milk (S)|1|PCS|4|1|Substitusi
20119615|20069028|0|20072104|Soy (S)|1|PCS|4|0|Substitusi
20119616|20069028|0|20072104|Soy (S)|1|PCS|4|1|Substitusi
20119616|20069027|0|20089523|Decaf Esp (S)|1|PCS|4|1|Substitusi
20119616|20069028|0|20122238|Oat Milk (S)|1|PCS|4|1|Substitusi
20119617|20069028|0|20072104|Soy (S)|1|PCS|4|1|Substitusi
20119617|20069028|0|20122238|Oat Milk (S)|1|PCS|4|1|Substitusi
20119618|20069028|0|20122238|Oat Milk (S)|1|PCS|4|1|Substitusi
20119618|20069027|0|20089523|Decaf Esp (S)|1|PCS|4|1|Substitusi
20119618|20069028|0|20072104|Soy (S)|1|PCS|4|1|Substitusi
20071969|20069028|0|20122238|Oat Milk (S)|1|PCS|4|1|Substitusi
20071969|20069027|0|20089523|Decaff Esp (S)|1|PCS|4|1|Substitusi
20071969|20069028|0|20072104|Soy (S)|1|PCS|4|1|Substitusi
20082342|20069027|0|20089523|Decaf Esp (S)|1|PCS|4|1|Substitusi
20082342|20069028|0|20072104|Soy (S)|1|PCS|4|1|Substitusi
20082342|20069028|0|20122238|Oat Milk (S)|1|PCS|4|1|Substitusi
20085261|20069028|0|20072104|Soy (S)|1|PCS|0|1|Substitusi
20085262|20069028|0|20072104|Soy (S)|1|PCS|0|1|Substitusi
20085263|20069664|0|20072104||1|PCS|4|0|Substitusi
20085263|20069028|0|20072104|Soy (S)|1|PCS|4|1|Substitusi
20088164|20069028|0|20072104|Soy (S)|1|PCS|0|1|Substitusi
20092446|20069028|0|20072104|Soy (S)|1|PCS|0|1|Substitusi
20101437|20069028|0|20072104|Soy (S)|1|PCS|4|1|Substitusi
20099886|20069777|0|20069646||1|PCS|4|0|
20103772|20069027|0|20089523|Decaff Esp (S)|1|PCS|4|1|Substitusi
20103772|20069028|0|20072104|Soy (S)|1|PCS|4|1|Substitusi
20103773|20069028|0|20072104|Soy (S)|1|PCS|4|1|Substitusi
20103774|20069028|0|20122238|Oat Milk (S)|1|PCS|4|1|Substitusi
20103774|20069028|0|20072104|Soy (S)|1|PCS|4|1|Substitusi
20103278|20069028|0|20122238|Oat Milk (S)|1|PCS|4|1|Substitusi
20103278|20069028|0|20072104|Soy (S)|1|PCS|4|1|Substitusi
20103278|20082341|0|20072104|Soy (S)|1|PCS|4|4|Substitusi
20103280|20069027|0|20089523|Decaff Esp (S)|1|PCS|4|1|Substitusi
20103280|20069028|0|20122238|Oat Milk (S)|1|PCS|4|1|Substitusi
20103280|20069028|0|20072104|Soy (S)|1|PCS|4|1|Substitusi
20111899|20069028|0|20122238|Oat Milk (S)|1|PCS|4|1|Substitusi
20111899|20069027|0|20089523|Decaff Esp (S)|1|PCS|4|1|Substitusi
20111899|20069028|0|20072104|Soy (S)|1|PCS|4|1|Substitusi
20111898|20069028|0|20072104|Soy (S)|1|PCS|4|1|Substitusi
20111898|20069028|0|20122238|Oat Milk (S)|1|PCS|4|1|Substitusi
20116844|20069028|0|20122238|Oat Milk (S)|1|PCS|4|1|Substitusi
20116844|20069028|0|20072104|Soy (S)|1|PCS|4|1|Substitusi
20116844|20069027|0|20089523|Decaf Esp (S)|1|PCS|4|1|Substitusi
20116852|20069028|0|20072104|Soy (S)|1|PCS|4|1|Substitusi
20116852|20069028|0|20122238|Oat Milk (S)|1|PCS|4|1|Substitusi
20122041|20069028|0|20072104|Soy (S)|1|PCS|4|1|Substitusi
20122041|20069028|0|20122238|Oat Milk (S)|1|PCS|4|1|Substitusi
20123045|20069028|0|20122238|Oat Milk (S)|1|PCS|4|1|Substitusi
20123045|20069028|0|20072104|Soy (S)|1|PCS|4|1|Substitusi
20123045|20069027|0|20089523|Decaf Esp (S)|1|PCS|4|1|Substitusi
20123046|20069028|0|20122238|Oat Milk (S)|1|PCS|4|1|Substitusi
20123046|20069028|0|20072104|Soy (S)|1|PCS|4|1|Substitusi
20123046|20069027|0|20089523|Decaf Esp (S)|1|PCS|4|1|Substitusi
20123048|20069028|0|20122238|Oat Milk (S)|1|PCS|4|1|Substitusi
20123048|20069028|0|20072104|Soy (S)|1|PCS|4|1|Substitusi
20123049|20069028|0|20122238|Oat Milk (S)|1|PCS|4|1|Substitusi
20123049|20069028|0|20072104|Soy (S)|1|PCS|4|1|Substitusi
20123049|20069027|0|20089523|Decaf Esp (S)|1|PCS|4|1|Substitusi
20124302|20069028|0|20122238|Oat Milk (S)|1|PCS|4|4|Substitusi
20124302|20069028|0|20072104|Soy (S)|1|PCS|4|4|Substitusi
20125091|20069028|0|20122238|Oat Milk (S)|1|PCS|4|0|Substitusi
20125091|20069028|0|20072104|Soy (S)|1|PCS|4|0|Substitusi
20125092|20069028|0|20122238|Oat Milk (S)|1|PCS|4|0|Substitusi
20125092|20069028|0|20072104|Soy (S)|1|PCS|4|0|Substitusi
20125093|20069028|0|20072104|Soy (S)|1|PCS|4|0|Substitusi
20125093|20069028|0|20122238|Oat Milk (S)|1|PCS|4|0|Substitusi
20125093|20069027|0|20089523|Decaff Esp (S)|1|PCS|4|0|Substitusi
