TAT_ID|KD_TOKO_PENGIRIM|KD_TOKO_PENERIMA
5857/TAT/HO/09/2022|*|*
5858/TAT/HO/09/2022|*|*
5960/TAT/HO/09/2022|*|*
5859/TAT/HO/09/2022|*|*
5949/TAT/HO/09/2022|*|*
5923/TAT/HO/09/2022|*|*
5860/TAT/HO/09/2022|*|*
5980/TAT/HO/09/2022|*|*
5889/TAT/HO/09/2022|*|*
5987/TAT/HO/09/2022|*|*
5843/TAT/HO/08/2022|*|*
5869/TAT/HO/09/2022|*|*
5867/TAT/HO/09/2022|*|*
5868/TAT/HO/09/2022|*|*
5870/TAT/HO/09/2022|*|*
5815/TAT/HO/08/2022|*|*
5980/TAT/HO/09/2022|TCZ1|TB52
5980/TAT/HO/09/2022|R025|T8IC
5980/TAT/HO/09/2022|TC57|TTUU
5980/TAT/HO/09/2022|T61B|TOW0
5980/TAT/HO/09/2022|T97D|T0MY
5980/TAT/HO/09/2022|T13Q|TK1R
5889/TAT/HO/09/2022|TKLG|TFSV
5889/TAT/HO/09/2022|TKLG|TOW0
5889/TAT/HO/09/2022|TKLG|THHN
5889/TAT/HO/09/2022|TKLG|TT2K
5889/TAT/HO/09/2022|TKLG|TK2R
5889/TAT/HO/09/2022|TKLG|TML2
5889/TAT/HO/09/2022|TKLG|T2DO
5889/TAT/HO/09/2022|TKLG|TJM6
5889/TAT/HO/09/2022|TKLG|TVVL
5889/TAT/HO/09/2022|TKLG|TTXG
5889/TAT/HO/09/2022|TKLG|T7XU
5889/TAT/HO/09/2022|TKLG|T305
5843/TAT/HO/08/2022|TKLG|TML2
5889/TAT/HO/09/2022|TKLG|TK1R
5843/TAT/HO/08/2022|TKLG|TMBT
5843/TAT/HO/08/2022|TKLG|TK2R
5843/TAT/HO/08/2022|TKLG|TT2K
5843/TAT/HO/08/2022|TKLG|THHN
5843/TAT/HO/08/2022|TKLG|TK1R
5843/TAT/HO/08/2022|TKLG|TFSV
5843/TAT/HO/08/2022|TKLG|TOW0
5843/TAT/HO/08/2022|TKLG|TJM6
5843/TAT/HO/08/2022|TKLG|TVVL
5843/TAT/HO/08/2022|TKLG|T7XU
5889/TAT/HO/09/2022|TKLG|T2RO
5889/TAT/HO/09/2022|TKLG|TC28
5889/TAT/HO/09/2022|TKLG|T011
5843/TAT/HO/08/2022|TKLG|T011
5843/TAT/HO/08/2022|TKLG|TC28
5843/TAT/HO/08/2022|TKLG|T2RO
5843/TAT/HO/08/2022|TKLG|T305
5980/TAT/HO/09/2022|T31W|T0MY
5980/TAT/HO/09/2022|TCMJ|TA2S
5980/TAT/HO/09/2022|T71P|TDOB
5980/TAT/HO/09/2022|TCFG|TYCB
5980/TAT/HO/09/2022|T9LS|T0MY
5987/TAT/HO/09/2022|TLRF|T4S6
5980/TAT/HO/09/2022|T8ZQ|T0MY
5869/TAT/HO/09/2022|TI4C|F010
5869/TAT/HO/09/2022|TI4C|FKP0
5869/TAT/HO/09/2022|TI4C|F5GE
5869/TAT/HO/09/2022|TI4C|TSUI
5869/TAT/HO/09/2022|TI4C|T1Z1
5869/TAT/HO/09/2022|TI4C|FQ64
5869/TAT/HO/09/2022|TI4C|TCZ1
5869/TAT/HO/09/2022|TI4C|F152
5869/TAT/HO/09/2022|TI4C|TC25
5869/TAT/HO/09/2022|TI4C|T3CQ
5869/TAT/HO/09/2022|TI4C|F193
5869/TAT/HO/09/2022|TI4C|TC42
5869/TAT/HO/09/2022|TI4C|FQEG
5869/TAT/HO/09/2022|TI4C|TC53
5869/TAT/HO/09/2022|TI4C|F237
5869/TAT/HO/09/2022|TI4C|TC56
5869/TAT/HO/09/2022|TI4C|F251
5869/TAT/HO/09/2022|TI4C|F265
5869/TAT/HO/09/2022|TI4C|TC85
5869/TAT/HO/09/2022|TI4C|TNIS
5869/TAT/HO/09/2022|TI4C|F295
5869/TAT/HO/09/2022|TI4C|FB6M
5869/TAT/HO/09/2022|TI4C|F399
5869/TAT/HO/09/2022|TI4C|TBN0
5869/TAT/HO/09/2022|TI4C|F541
5869/TAT/HO/09/2022|TI4C|F556
5869/TAT/HO/09/2022|TI4C|F561
5869/TAT/HO/09/2022|TI4C|F572
5869/TAT/HO/09/2022|TI4C|FORD
5869/TAT/HO/09/2022|TI4C|TGBI
5869/TAT/HO/09/2022|TI4C|R025
5869/TAT/HO/09/2022|TI4C|R029
5869/TAT/HO/09/2022|TI4C|R032
5869/TAT/HO/09/2022|TI4C|R035
5869/TAT/HO/09/2022|TI4C|R042
5869/TAT/HO/09/2022|TI4C|R051
5869/TAT/HO/09/2022|TI4C|TNTG
5869/TAT/HO/09/2022|TI4C|T001
5869/TAT/HO/09/2022|TI4C|T003
5869/TAT/HO/09/2022|TI4C|T011
5869/TAT/HO/09/2022|TI4C|TCML
5869/TAT/HO/09/2022|TI4C|T023
5869/TAT/HO/09/2022|TI4C|T037
5869/TAT/HO/09/2022|TI4C|T046
5869/TAT/HO/09/2022|TI4C|T1KU
5869/TAT/HO/09/2022|TI4C|T116
5869/TAT/HO/09/2022|TI4C|T129
5869/TAT/HO/09/2022|TI4C|T190
5869/TAT/HO/09/2022|TI4C|T211
5869/TAT/HO/09/2022|TI4C|T220
5869/TAT/HO/09/2022|TI4C|T226
5869/TAT/HO/09/2022|TI4C|T242
5869/TAT/HO/09/2022|TI4C|T278
5869/TAT/HO/09/2022|TI4C|T511
5869/TAT/HO/09/2022|TI4C|T4IA
5869/TAT/HO/09/2022|TI4C|F31U
5869/TAT/HO/09/2022|TI4C|T768
5869/TAT/HO/09/2022|TI4C|TGLS
5869/TAT/HO/09/2022|TI4C|T956
5869/TAT/HO/09/2022|TI4C|T959
5869/TAT/HO/09/2022|TI4C|T9SG
5869/TAT/HO/09/2022|TI4C|T971
5869/TAT/HO/09/2022|TI4C|T981
5869/TAT/HO/09/2022|TI4C|T985
5869/TAT/HO/09/2022|TI4C|TFQB
5869/TAT/HO/09/2022|TI4C|TAAL
5869/TAT/HO/09/2022|TI4C|FL28
5869/TAT/HO/09/2022|TI4C|TJ01
5869/TAT/HO/09/2022|TI4C|TP01
5869/TAT/HO/09/2022|TI4C|TALA
5869/TAT/HO/09/2022|TI4C|TB98
5869/TAT/HO/09/2022|TI4C|F715
5869/TAT/HO/09/2022|TI4C|F724
5869/TAT/HO/09/2022|TI4C|F233
5869/TAT/HO/09/2022|TI4C|TUGZ
5869/TAT/HO/09/2022|TI4C|F763
5869/TAT/HO/09/2022|TI4C|TV6J
5869/TAT/HO/09/2022|TI4C|F799
5869/TAT/HO/09/2022|TI4C|F800
5869/TAT/HO/09/2022|TI4C|TLDB
5869/TAT/HO/09/2022|TI4C|T8MS
5869/TAT/HO/09/2022|TI4C|TR80
5869/TAT/HO/09/2022|TI4C|TC07
5869/TAT/HO/09/2022|TI4C|TC08
5869/TAT/HO/09/2022|TI4C|F37L
5869/TAT/HO/09/2022|TI4C|TAV9
5869/TAT/HO/09/2022|TI4C|TC11
5869/TAT/HO/09/2022|TI4C|TC17
5869/TAT/HO/09/2022|TI4C|TC26
5869/TAT/HO/09/2022|TI4C|TC28
5869/TAT/HO/09/2022|TI4C|TC32
5869/TAT/HO/09/2022|TI4C|TORT
5869/TAT/HO/09/2022|TI4C|TTNG
5869/TAT/HO/09/2022|TI4C|TQ1C
5869/TAT/HO/09/2022|TI4C|TC35
5869/TAT/HO/09/2022|TI4C|TC36
5869/TAT/HO/09/2022|TI4C|TC39
5869/TAT/HO/09/2022|TI4C|FL12
5869/TAT/HO/09/2022|TI4C|TC50
5869/TAT/HO/09/2022|TI4C|TC57
5869/TAT/HO/09/2022|TI4C|TC59
5869/TAT/HO/09/2022|TI4C|TC60
5869/TAT/HO/09/2022|TI4C|TC63
5869/TAT/HO/09/2022|TI4C|TC71
5869/TAT/HO/09/2022|TI4C|TC73
5869/TAT/HO/09/2022|TI4C|F87L
5869/TAT/HO/09/2022|TI4C|TC77
5869/TAT/HO/09/2022|TI4C|F75L
5869/TAT/HO/09/2022|TI4C|F18U
5869/TAT/HO/09/2022|TI4C|TC87
5869/TAT/HO/09/2022|TI4C|TC94
5869/TAT/HO/09/2022|TI4C|R087
5869/TAT/HO/09/2022|TI4C|TC97
5869/TAT/HO/09/2022|TI4C|F77A
5869/TAT/HO/09/2022|TI4C|F87A
5869/TAT/HO/09/2022|TI4C|TU0U
5869/TAT/HO/09/2022|TI4C|T0C4
5869/TAT/HO/09/2022|TI4C|T06C
5869/TAT/HO/09/2022|TI4C|T11C
5869/TAT/HO/09/2022|TI4C|T98C
5869/TAT/HO/09/2022|TI4C|TPT2
5869/TAT/HO/09/2022|TI4C|TPA9
5869/TAT/HO/09/2022|TI4C|FE26
5869/TAT/HO/09/2022|TI4C|FE27
5869/TAT/HO/09/2022|TI4C|TK02
5869/TAT/HO/09/2022|TI4C|TK04
5869/TAT/HO/09/2022|TI4C|TK05
5869/TAT/HO/09/2022|TI4C|T02K
5869/TAT/HO/09/2022|TI4C|TK00
5869/TAT/HO/09/2022|TI4C|TA3P
5869/TAT/HO/09/2022|TI4C|TFVH
5869/TAT/HO/09/2022|TI4C|T15K
5869/TAT/HO/09/2022|TI4C|T17K
5869/TAT/HO/09/2022|TI4C|T18K
5869/TAT/HO/09/2022|TI4C|T26K
5869/TAT/HO/09/2022|TI4C|T27K
5869/TAT/HO/09/2022|TI4C|T28K
5869/TAT/HO/09/2022|TI4C|T37K
5869/TAT/HO/09/2022|TI4C|T38K
5869/TAT/HO/09/2022|TI4C|TE5C
5869/TAT/HO/09/2022|TI4C|R104
5869/TAT/HO/09/2022|TI4C|TE9C
5869/TAT/HO/09/2022|TI4C|TWDS
5869/TAT/HO/09/2022|TI4C|T54K
5869/TAT/HO/09/2022|TI4C|THC0
5869/TAT/HO/09/2022|TI4C|FT56
5869/TAT/HO/09/2022|TI4C|THC1
5869/TAT/HO/09/2022|TI4C|THC2
5869/TAT/HO/09/2022|TI4C|T67K
5869/TAT/HO/09/2022|TI4C|TB07
5869/TAT/HO/09/2022|TI4C|FT18
5869/TAT/HO/09/2022|TI4C|TB28
5869/TAT/HO/09/2022|TI4C|TB29
5869/TAT/HO/09/2022|TI4C|TB49
5869/TAT/HO/09/2022|TI4C|TTSL
5869/TAT/HO/09/2022|TI4C|TB52
5869/TAT/HO/09/2022|TI4C|TB55
5869/TAT/HO/09/2022|TI4C|TB69
5869/TAT/HO/09/2022|TI4C|TB70
5869/TAT/HO/09/2022|TI4C|TB71
5869/TAT/HO/09/2022|TI4C|TQ03
5869/TAT/HO/09/2022|TI4C|TSCT
5869/TAT/HO/09/2022|TI4C|T01B
5869/TAT/HO/09/2022|TI4C|T02B
5869/TAT/HO/09/2022|TI4C|TG26
5869/TAT/HO/09/2022|TI4C|T06B
5869/TAT/HO/09/2022|TI4C|T08B
5869/TAT/HO/09/2022|TI4C|T09B
5869/TAT/HO/09/2022|TI4C|FV73
5869/TAT/HO/09/2022|TI4C|TXK1
5869/TAT/HO/09/2022|TI4C|T13B
5869/TAT/HO/09/2022|TI4C|T15B
5869/TAT/HO/09/2022|TI4C|T16B
5869/TAT/HO/09/2022|TI4C|T18B
5869/TAT/HO/09/2022|TI4C|T19B
5869/TAT/HO/09/2022|TI4C|T21B
5869/TAT/HO/09/2022|TI4C|T24B
5869/TAT/HO/09/2022|TI4C|T51G
5869/TAT/HO/09/2022|TI4C|T53G
5869/TAT/HO/09/2022|TI4C|T53B
5869/TAT/HO/09/2022|TI4C|T58B
5869/TAT/HO/09/2022|TI4C|T59B
5869/TAT/HO/09/2022|TI4C|T60B
5869/TAT/HO/09/2022|TI4C|T61B
5869/TAT/HO/09/2022|TI4C|FD43
5869/TAT/HO/09/2022|TI4C|T84B
5869/TAT/HO/09/2022|TI4C|T94B
5869/TAT/HO/09/2022|TI4C|T04D
5869/TAT/HO/09/2022|TI4C|T09D
5869/TAT/HO/09/2022|TI4C|T10D
5869/TAT/HO/09/2022|TI4C|FD81
5869/TAT/HO/09/2022|TI4C|TRQ7
5869/TAT/HO/09/2022|TI4C|TRQ8
5869/TAT/HO/09/2022|TI4C|T29D
5869/TAT/HO/09/2022|TI4C|T30D
5869/TAT/HO/09/2022|TI4C|TRV0
5869/TAT/HO/09/2022|TI4C|T52D
5869/TAT/HO/09/2022|TI4C|T69D
5869/TAT/HO/09/2022|TI4C|T77D
5869/TAT/HO/09/2022|TI4C|T78D
5869/TAT/HO/09/2022|TI4C|T79D
5869/TAT/HO/09/2022|TI4C|T84D
5869/TAT/HO/09/2022|TI4C|T96D
5869/TAT/HO/09/2022|TI4C|T97D
5869/TAT/HO/09/2022|TI4C|T12Q
5869/TAT/HO/09/2022|TI4C|T13Q
5869/TAT/HO/09/2022|TI4C|T15Q
5869/TAT/HO/09/2022|TI4C|T21Q
5869/TAT/HO/09/2022|TI4C|T51Q
5869/TAT/HO/09/2022|TI4C|T85Q
5869/TAT/HO/09/2022|TI4C|T92Q
5869/TAT/HO/09/2022|TI4C|T93Q
5869/TAT/HO/09/2022|TI4C|T94Q
5869/TAT/HO/09/2022|TI4C|T99K
5869/TAT/HO/09/2022|TI4C|FQ82
5869/TAT/HO/09/2022|TI4C|FQ84
5869/TAT/HO/09/2022|TI4C|TK29
5869/TAT/HO/09/2022|TI4C|FD4Z
5869/TAT/HO/09/2022|TI4C|TL79
5869/TAT/HO/09/2022|TI4C|TR36
5869/TAT/HO/09/2022|TI4C|TR50
5869/TAT/HO/09/2022|TI4C|TR59
5869/TAT/HO/09/2022|TI4C|TR96
5869/TAT/HO/09/2022|TI4C|TS86
5869/TAT/HO/09/2022|TI4C|F6WD
5869/TAT/HO/09/2022|TI4C|TS90
5869/TAT/HO/09/2022|TI4C|TS96
5869/TAT/HO/09/2022|TI4C|T48T
5869/TAT/HO/09/2022|TI4C|T51T
5869/TAT/HO/09/2022|TI4C|T52T
5869/TAT/HO/09/2022|TI4C|T63T
5869/TAT/HO/09/2022|TI4C|T77T
5869/TAT/HO/09/2022|TI4C|T83T
5869/TAT/HO/09/2022|TI4C|F96Q
5869/TAT/HO/09/2022|TI4C|TWM3
5869/TAT/HO/09/2022|TI4C|TT90
5869/TAT/HO/09/2022|TI4C|T36G
5869/TAT/HO/09/2022|TI4C|T00O
5869/TAT/HO/09/2022|TI4C|TE2F
5869/TAT/HO/09/2022|TI4C|FA44
5869/TAT/HO/09/2022|TI4C|T2RO
5869/TAT/HO/09/2022|TI4C|TT1U
5869/TAT/HO/09/2022|TI4C|TJ7X
5869/TAT/HO/09/2022|TI4C|TL3I
5869/TAT/HO/09/2022|TI4C|TYRO
5869/TAT/HO/09/2022|TI4C|TTZP
5869/TAT/HO/09/2022|TI4C|TASC
5869/TAT/HO/09/2022|TI4C|TX9Z
5869/TAT/HO/09/2022|TI4C|TM8Y
5869/TAT/HO/09/2022|TI4C|TPTN
5869/TAT/HO/09/2022|TI4C|TGG0
5869/TAT/HO/09/2022|TI4C|T03W
5869/TAT/HO/09/2022|TI4C|TUP7
5869/TAT/HO/09/2022|TI4C|TLO9
5869/TAT/HO/09/2022|TI4C|FKZ4
5869/TAT/HO/09/2022|TI4C|TA8N
5869/TAT/HO/09/2022|TI4C|FEMX
5869/TAT/HO/09/2022|TI4C|TY9P
5869/TAT/HO/09/2022|TI4C|TLSA
5869/TAT/HO/09/2022|TI4C|T3BN
5869/TAT/HO/09/2022|TI4C|T305
5869/TAT/HO/09/2022|TI4C|F9J6
5869/TAT/HO/09/2022|TI4C|TS1S
5869/TAT/HO/09/2022|TI4C|TJKC
5869/TAT/HO/09/2022|TI4C|TWLY
5869/TAT/HO/09/2022|TI4C|TWXJ
5869/TAT/HO/09/2022|TI4C|RBO7
5869/TAT/HO/09/2022|TI4C|TXD6
5869/TAT/HO/09/2022|TI4C|TBOL
5869/TAT/HO/09/2022|TI4C|TE5J
5869/TAT/HO/09/2022|TI4C|TAMC
5869/TAT/HO/09/2022|TI4C|TAS3
5869/TAT/HO/09/2022|TI4C|T6EB
5869/TAT/HO/09/2022|TI4C|T7IP
5869/TAT/HO/09/2022|TI4C|TGRR
5869/TAT/HO/09/2022|TI4C|TJLJ
5869/TAT/HO/09/2022|TI4C|TGUG
5869/TAT/HO/09/2022|TI4C|TO73
5869/TAT/HO/09/2022|TI4C|FUYU
5869/TAT/HO/09/2022|TI4C|T8ND
5869/TAT/HO/09/2022|TI4C|TEG3
5869/TAT/HO/09/2022|TI4C|TOTA
5869/TAT/HO/09/2022|TI4C|TOLA
5869/TAT/HO/09/2022|TI4C|TOPS
5869/TAT/HO/09/2022|TI4C|F4UR
5869/TAT/HO/09/2022|TI4C|FIBO
5869/TAT/HO/09/2022|TI4C|TGAL
5869/TAT/HO/09/2022|TI4C|TALE
5869/TAT/HO/09/2022|TI4C|TAPE
5869/TAT/HO/09/2022|TI4C|T4RI
5869/TAT/HO/09/2022|TI4C|F4DC
5869/TAT/HO/09/2022|TI4C|TEBI
5869/TAT/HO/09/2022|TI4C|T2T2
5869/TAT/HO/09/2022|TI4C|TADT
5869/TAT/HO/09/2022|TI4C|FTTM
5869/TAT/HO/09/2022|TI4C|T4BU
5869/TAT/HO/09/2022|TI4C|TM5D
5869/TAT/HO/09/2022|TI4C|TTP7
5869/TAT/HO/09/2022|TI4C|F2AC
5869/TAT/HO/09/2022|TI4C|TTR1
5869/TAT/HO/09/2022|TI4C|TNDU
5869/TAT/HO/09/2022|TI4C|TNRB
5869/TAT/HO/09/2022|TI4C|TZUT
5869/TAT/HO/09/2022|TI4C|FEZE
5869/TAT/HO/09/2022|TI4C|FEND
5869/TAT/HO/09/2022|TI4C|T4AO
5869/TAT/HO/09/2022|TI4C|FUDF
5869/TAT/HO/09/2022|TI4C|F3GY
5869/TAT/HO/09/2022|TI4C|FTHN
5869/TAT/HO/09/2022|TI4C|T0Q7
5869/TAT/HO/09/2022|TI4C|TJN2
5869/TAT/HO/09/2022|TI4C|TOTU
5869/TAT/HO/09/2022|TI4C|TJIN
5869/TAT/HO/09/2022|TI4C|T8T9
5869/TAT/HO/09/2022|TI4C|TYMY
5869/TAT/HO/09/2022|TI4C|T4RG
5869/TAT/HO/09/2022|TI4C|THT1
5869/TAT/HO/09/2022|TI4C|TKLG
5869/TAT/HO/09/2022|TI4C|TEMP
5869/TAT/HO/09/2022|TI4C|TKAK
5869/TAT/HO/09/2022|TI4C|T89M
5869/TAT/HO/09/2022|TI4C|T31W
5869/TAT/HO/09/2022|TI4C|TSB6
5869/TAT/HO/09/2022|TI4C|TAUP
5869/TAT/HO/09/2022|TI4C|FRSI
5869/TAT/HO/09/2022|TI4C|T7XU
5869/TAT/HO/09/2022|TI4C|T4S6
5869/TAT/HO/09/2022|TI4C|TNE4
5869/TAT/HO/09/2022|TI4C|T3JU
5869/TAT/HO/09/2022|TI4C|T6MQ
5869/TAT/HO/09/2022|TI4C|FMYW
5869/TAT/HO/09/2022|TI4C|TB7X
5869/TAT/HO/09/2022|TI4C|TO4K
5869/TAT/HO/09/2022|TI4C|T8GS
5869/TAT/HO/09/2022|TI4C|TO7B
5869/TAT/HO/09/2022|TI4C|TC7S
5869/TAT/HO/09/2022|TI4C|TRFN
5869/TAT/HO/09/2022|TI4C|TQ8D
5869/TAT/HO/09/2022|TI4C|TNZ1
5869/TAT/HO/09/2022|TI4C|TUNB
5869/TAT/HO/09/2022|TI4C|TPML
5869/TAT/HO/09/2022|TI4C|TU6S
5869/TAT/HO/09/2022|TI4C|T5T3
5869/TAT/HO/09/2022|TI4C|T5R6
5869/TAT/HO/09/2022|TI4C|TQPO
5869/TAT/HO/09/2022|TI4C|TCRN
5869/TAT/HO/09/2022|TI4C|TCMJ
5869/TAT/HO/09/2022|TI4C|TP0K
5869/TAT/HO/09/2022|TI4C|TAP5
5869/TAT/HO/09/2022|TI4C|TBOI
5869/TAT/HO/09/2022|TI4C|TBSA
5869/TAT/HO/09/2022|TI4C|T5LG
5869/TAT/HO/09/2022|TI4C|FNZY
5869/TAT/HO/09/2022|TI4C|TMXK
5869/TAT/HO/09/2022|TI4C|TP7F
5869/TAT/HO/09/2022|TI4C|FLY0
5869/TAT/HO/09/2022|TI4C|TITB
5869/TAT/HO/09/2022|TI4C|TWN1
5869/TAT/HO/09/2022|TI4C|TXR0
5869/TAT/HO/09/2022|TI4C|TK2S
5869/TAT/HO/09/2022|TI4C|TDEN
5869/TAT/HO/09/2022|TI4C|FEIE
5869/TAT/HO/09/2022|TI4C|TKQP
5869/TAT/HO/09/2022|TI4C|FOEY
5869/TAT/HO/09/2022|TI4C|FN54
5869/TAT/HO/09/2022|TI4C|TSYK
5869/TAT/HO/09/2022|TI4C|TFOO
5869/TAT/HO/09/2022|TI4C|T8OM
5869/TAT/HO/09/2022|TI4C|T9IR
5869/TAT/HO/09/2022|TI4C|TSLT
5869/TAT/HO/09/2022|TI4C|TO1A
5869/TAT/HO/09/2022|TI4C|TRV9
5869/TAT/HO/09/2022|TI4C|TT1G
5869/TAT/HO/09/2022|TI4C|T2Z0
5869/TAT/HO/09/2022|TI4C|TOPY
5869/TAT/HO/09/2022|TI4C|TCUO
5869/TAT/HO/09/2022|TI4C|TJJU
5869/TAT/HO/09/2022|TI4C|T71P
5869/TAT/HO/09/2022|TI4C|FZXM
5869/TAT/HO/09/2022|TI4C|TO07
5869/TAT/HO/09/2022|TI4C|FBFX
5869/TAT/HO/09/2022|TI4C|T4AK
5869/TAT/HO/09/2022|TI4C|TGV7
5869/TAT/HO/09/2022|TI4C|TU0I
5869/TAT/HO/09/2022|TI4C|TR0C
5869/TAT/HO/09/2022|TI4C|TP3L
5869/TAT/HO/09/2022|TI4C|T94S
5869/TAT/HO/09/2022|TI4C|TK0Z
5869/TAT/HO/09/2022|TI4C|T6ZO
5869/TAT/HO/09/2022|TI4C|T6YZ
5869/TAT/HO/09/2022|TI4C|TGEY
5869/TAT/HO/09/2022|TI4C|T5WI
5869/TAT/HO/09/2022|TI4C|TITX
5869/TAT/HO/09/2022|TI4C|TUNC
5869/TAT/HO/09/2022|TI4C|F86T
5869/TAT/HO/09/2022|TI4C|FRJ0
5869/TAT/HO/09/2022|TI4C|T8B7
5869/TAT/HO/09/2022|TI4C|FYSM
5869/TAT/HO/09/2022|TI4C|TZGC
5869/TAT/HO/09/2022|TI4C|T6YY
5869/TAT/HO/09/2022|TI4C|TWKM
5869/TAT/HO/09/2022|TI4C|T8E8
5869/TAT/HO/09/2022|TI4C|TR0X
5869/TAT/HO/09/2022|TI4C|TC1N
5869/TAT/HO/09/2022|TI4C|TRMR
5869/TAT/HO/09/2022|TI4C|TIMP
5869/TAT/HO/09/2022|TI4C|FHMH
5869/TAT/HO/09/2022|TI4C|T0D9
5869/TAT/HO/09/2022|TI4C|FUFF
5869/TAT/HO/09/2022|TI4C|FU16
5869/TAT/HO/09/2022|TI4C|TI61
5869/TAT/HO/09/2022|TI4C|FLIX
5869/TAT/HO/09/2022|TI4C|T39N
5869/TAT/HO/09/2022|TI4C|TN4C
5869/TAT/HO/09/2022|TI4C|TKU7
5869/TAT/HO/09/2022|TI4C|TBBC
5869/TAT/HO/09/2022|TI4C|T2Y2
5869/TAT/HO/09/2022|TI4C|TYCB
5869/TAT/HO/09/2022|TI4C|TA8F
5869/TAT/HO/09/2022|TI4C|TNWV
5869/TAT/HO/09/2022|TI4C|TT3K
5869/TAT/HO/09/2022|TI4C|TOKX
5869/TAT/HO/09/2022|TI4C|FQW9
5869/TAT/HO/09/2022|TI4C|T7E6
5869/TAT/HO/09/2022|TI4C|TM3V
5869/TAT/HO/09/2022|TI4C|TME3
5869/TAT/HO/09/2022|TI4C|TTXG
5869/TAT/HO/09/2022|TI4C|T1BP
5869/TAT/HO/09/2022|TI4C|TEYA
5869/TAT/HO/09/2022|TI4C|TG0F
5869/TAT/HO/09/2022|TI4C|TANE
5869/TAT/HO/09/2022|TI4C|TNER
5869/TAT/HO/09/2022|TI4C|TAPP
5869/TAT/HO/09/2022|TI4C|TT2D
5869/TAT/HO/09/2022|TI4C|TBPW
5869/TAT/HO/09/2022|TI4C|TUX2
5869/TAT/HO/09/2022|TI4C|TK1U
5869/TAT/HO/09/2022|TI4C|TSUG
5869/TAT/HO/09/2022|TI4C|F4O3
5869/TAT/HO/09/2022|TI4C|TAYI
5869/TAT/HO/09/2022|TI4C|TEYU
5869/TAT/HO/09/2022|TI4C|T72O
5869/TAT/HO/09/2022|TI4C|TMDS
5869/TAT/HO/09/2022|TI4C|TEHO
5869/TAT/HO/09/2022|TI4C|TDUB
5869/TAT/HO/09/2022|TI4C|T14Y
5869/TAT/HO/09/2022|TI4C|TJKT
5869/TAT/HO/09/2022|TI4C|T6GD
5869/TAT/HO/09/2022|TI4C|TRR6
5869/TAT/HO/09/2022|TI4C|TUCY
5869/TAT/HO/09/2022|TI4C|TCD7
5869/TAT/HO/09/2022|TI4C|T7EK
5869/TAT/HO/09/2022|TI4C|TK9F
5869/TAT/HO/09/2022|TI4C|TCFG
5869/TAT/HO/09/2022|TI4C|T0GO
5869/TAT/HO/09/2022|TI4C|TTDQ
5869/TAT/HO/09/2022|TI4C|TRZA
5869/TAT/HO/09/2022|TI4C|T2NL
5869/TAT/HO/09/2022|TI4C|TI1A
5869/TAT/HO/09/2022|TI4C|TUW1
5869/TAT/HO/09/2022|TI4C|TUBH
5869/TAT/HO/09/2022|TI4C|TN86
5869/TAT/HO/09/2022|TI4C|FAY2
5869/TAT/HO/09/2022|TI4C|TJC5
5869/TAT/HO/09/2022|TI4C|TVC7
5869/TAT/HO/09/2022|TI4C|T1WM
5869/TAT/HO/09/2022|TI4C|TTIV
5869/TAT/HO/09/2022|TI4C|TKCK
5869/TAT/HO/09/2022|TI4C|TABX
5869/TAT/HO/09/2022|TI4C|T8MF
5869/TAT/HO/09/2022|TI4C|TDPU
5869/TAT/HO/09/2022|TI4C|TTP8
5869/TAT/HO/09/2022|TI4C|TXM0
5869/TAT/HO/09/2022|TI4C|T9W2
5869/TAT/HO/09/2022|TI4C|TN9E
5869/TAT/HO/09/2022|TI4C|FJ01
5869/TAT/HO/09/2022|TI4C|TW1R
5869/TAT/HO/09/2022|TI4C|T94H
5869/TAT/HO/09/2022|TI4C|TDF9
5869/TAT/HO/09/2022|TI4C|T099
5869/TAT/HO/09/2022|TI4C|T66A
5869/TAT/HO/09/2022|TI4C|TA2S
5869/TAT/HO/09/2022|TI4C|TKTC
5869/TAT/HO/09/2022|TI4C|TVTJ
5869/TAT/HO/09/2022|TI4C|TD2R
5869/TAT/HO/09/2022|TI4C|T018
5869/TAT/HO/09/2022|TI4C|TX9C
5869/TAT/HO/09/2022|TI4C|TVH5
5869/TAT/HO/09/2022|TI4C|THOQ
5869/TAT/HO/09/2022|TI4C|TLUJ
5869/TAT/HO/09/2022|TI4C|TSHY
5869/TAT/HO/09/2022|TI4C|T8RR
5869/TAT/HO/09/2022|TI4C|T9LS
5869/TAT/HO/09/2022|TI4C|TU8U
5869/TAT/HO/09/2022|TI4C|TVVL
5869/TAT/HO/09/2022|TI4C|T6ON
5869/TAT/HO/09/2022|TI4C|T0QC
5869/TAT/HO/09/2022|TI4C|F8IN
5869/TAT/HO/09/2022|TI4C|T6IT
5869/TAT/HO/09/2022|TI4C|TSKM
5869/TAT/HO/09/2022|TI4C|TUK3
5869/TAT/HO/09/2022|TI4C|TJM6
5869/TAT/HO/09/2022|TI4C|TWKT
5869/TAT/HO/09/2022|TI4C|TAWE
5869/TAT/HO/09/2022|TI4C|TDR6
5869/TAT/HO/09/2022|TI4C|TSUZ
5869/TAT/HO/09/2022|TI4C|TA1R
5869/TAT/HO/09/2022|TI4C|FRE4
5869/TAT/HO/09/2022|TI4C|TIL2
5869/TAT/HO/09/2022|TI4C|TH1Z
5869/TAT/HO/09/2022|TI4C|TOW0
5869/TAT/HO/09/2022|TI4C|FBRA
5869/TAT/HO/09/2022|TI4C|TJRT
5869/TAT/HO/09/2022|TI4C|TF7W
5869/TAT/HO/09/2022|TI4C|TXOJ
5869/TAT/HO/09/2022|TI4C|TONF
5869/TAT/HO/09/2022|TI4C|FJP1
5869/TAT/HO/09/2022|TI4C|FH8A
5869/TAT/HO/09/2022|TI4C|TLVY
5869/TAT/HO/09/2022|TI4C|T54P
5869/TAT/HO/09/2022|TI4C|T8IC
5869/TAT/HO/09/2022|TI4C|T5GV
5869/TAT/HO/09/2022|TI4C|T8QS
5869/TAT/HO/09/2022|TI4C|TPS9
5869/TAT/HO/09/2022|TI4C|TIRU
5869/TAT/HO/09/2022|TI4C|TIAZ
5869/TAT/HO/09/2022|TI4C|TEQI
5869/TAT/HO/09/2022|TI4C|TL9S
5869/TAT/HO/09/2022|TI4C|TCIU
5869/TAT/HO/09/2022|TI4C|FTNT
5869/TAT/HO/09/2022|TI4C|T5PE
5869/TAT/HO/09/2022|TI4C|TTUU
5869/TAT/HO/09/2022|TI4C|T80O
5869/TAT/HO/09/2022|TI4C|T12M
5869/TAT/HO/09/2022|TI4C|FR0R
5869/TAT/HO/09/2022|TI4C|FCDM
5869/TAT/HO/09/2022|TI4C|TQRC
5869/TAT/HO/09/2022|TI4C|TFSV
5869/TAT/HO/09/2022|TI4C|TXQL
5869/TAT/HO/09/2022|TI4C|TK1R
5869/TAT/HO/09/2022|TI4C|TAPQ
5869/TAT/HO/09/2022|TI4C|TS8Q
5869/TAT/HO/09/2022|TI4C|TS3N
5869/TAT/HO/09/2022|TI4C|TQS4
5869/TAT/HO/09/2022|TI4C|TGCU
5869/TAT/HO/09/2022|TI4C|F2RP
5869/TAT/HO/09/2022|TI4C|TTML
5869/TAT/HO/09/2022|TI4C|T6NJ
5869/TAT/HO/09/2022|TI4C|TIUU
5869/TAT/HO/09/2022|TI4C|TNMO
5869/TAT/HO/09/2022|TI4C|T3P1
5869/TAT/HO/09/2022|TI4C|TA1U
5869/TAT/HO/09/2022|TI4C|TT5Y
5869/TAT/HO/09/2022|TI4C|FEZ4
5869/TAT/HO/09/2022|TI4C|THHN
5869/TAT/HO/09/2022|TI4C|TWAE
5869/TAT/HO/09/2022|TI4C|TDOB
5869/TAT/HO/09/2022|TI4C|TR0N
5869/TAT/HO/09/2022|TI4C|TYY6
5869/TAT/HO/09/2022|TI4C|TNLK
5869/TAT/HO/09/2022|TI4C|TALS
5869/TAT/HO/09/2022|TI4C|TCS9
5869/TAT/HO/09/2022|TI4C|TLMI
5869/TAT/HO/09/2022|TI4C|T8KB
5869/TAT/HO/09/2022|TI4C|F66V
5869/TAT/HO/09/2022|TI4C|TINN
5869/TAT/HO/09/2022|TI4C|FAR6
5869/TAT/HO/09/2022|TI4C|THGP
5869/TAT/HO/09/2022|TI4C|FCS6
5869/TAT/HO/09/2022|TI4C|TTWU
5869/TAT/HO/09/2022|TI4C|T9KL
5869/TAT/HO/09/2022|TI4C|TPT7
5869/TAT/HO/09/2022|TI4C|TQQM
5869/TAT/HO/09/2022|TI4C|T8CO
5869/TAT/HO/09/2022|TI4C|TEVD
5869/TAT/HO/09/2022|TI4C|T5J3
5869/TAT/HO/09/2022|TI4C|TA5N
5869/TAT/HO/09/2022|TI4C|TA9P
5869/TAT/HO/09/2022|TI4C|TENT
5869/TAT/HO/09/2022|TI4C|T1Y3
5869/TAT/HO/09/2022|TI4C|TVNQ
5869/TAT/HO/09/2022|TI4C|TH3W
5869/TAT/HO/09/2022|TI4C|THI6
5869/TAT/HO/09/2022|TI4C|TT2K
5869/TAT/HO/09/2022|TI4C|TD4Y
5869/TAT/HO/09/2022|TI4C|TM68
5869/TAT/HO/09/2022|TI4C|T62R
5869/TAT/HO/09/2022|TI4C|FH69
5869/TAT/HO/09/2022|TI4C|TB3Q
5869/TAT/HO/09/2022|TI4C|TN0W
5869/TAT/HO/09/2022|TI4C|TK2R
5869/TAT/HO/09/2022|TI4C|TTAP
5869/TAT/HO/09/2022|TI4C|TT9E
5869/TAT/HO/09/2022|TI4C|TP8L
5869/TAT/HO/09/2022|TI4C|T4VN
5869/TAT/HO/09/2022|TI4C|T65C
5869/TAT/HO/09/2022|TI4C|TZGZ
5869/TAT/HO/09/2022|TI4C|TLJ2
5869/TAT/HO/09/2022|TI4C|TFPC
5869/TAT/HO/09/2022|TI4C|T8RY
5869/TAT/HO/09/2022|TI4C|TXRS
5869/TAT/HO/09/2022|TI4C|TLSJ
5869/TAT/HO/09/2022|TI4C|TNUN
5869/TAT/HO/09/2022|TI4C|T1RV
5869/TAT/HO/09/2022|TI4C|T9EW
5869/TAT/HO/09/2022|TI4C|TELA
5869/TAT/HO/09/2022|TI4C|TUQZ
5869/TAT/HO/09/2022|TI4C|TCLQ
5869/TAT/HO/09/2022|TI4C|TSDR
5869/TAT/HO/09/2022|TI4C|T1GN
5869/TAT/HO/09/2022|TI4C|T30I
5869/TAT/HO/09/2022|TI4C|
5869/TAT/HO/09/2022|TI4C|T594
5869/TAT/HO/09/2022|TI4C|TL6P
5869/TAT/HO/09/2022|TI4C|T2LU
5869/TAT/HO/09/2022|TI4C|TY4K
5869/TAT/HO/09/2022|TI4C|FUQI
5869/TAT/HO/09/2022|TI4C|T5KO
5869/TAT/HO/09/2022|TI4C|TRIY
5869/TAT/HO/09/2022|TI4C|TEAT
5869/TAT/HO/09/2022|TI4C|TMPX
5869/TAT/HO/09/2022|TI4C|TOLE
5869/TAT/HO/09/2022|TI4C|T0MY
5869/TAT/HO/09/2022|TI4C|FUUD
5869/TAT/HO/09/2022|TI4C|FUUZ
5869/TAT/HO/09/2022|TI4C|TJPO
5869/TAT/HO/09/2022|TI4C|T98I
5869/TAT/HO/09/2022|TI4C|TTEQ
5869/TAT/HO/09/2022|TI4C|FFDQ
5869/TAT/HO/09/2022|TI4C|TMBT
5869/TAT/HO/09/2022|TI4C|TML2
5869/TAT/HO/09/2022|TI4C|T170
5869/TAT/HO/09/2022|TI4C|TEDC
5869/TAT/HO/09/2022|TI4C|FTMD
5869/TAT/HO/09/2022|TI4C|TMLV
5869/TAT/HO/09/2022|TI4C|T42P
5869/TAT/HO/09/2022|TI4C|F21S
5869/TAT/HO/09/2022|TI4C|TKU2
5869/TAT/HO/09/2022|TI4C|TIRP
5869/TAT/HO/09/2022|TI4C|TMOF
5869/TAT/HO/09/2022|TI4C|TLQP
5869/TAT/HO/09/2022|TI4C|TU5K
5869/TAT/HO/09/2022|TI4C|FBOO
5869/TAT/HO/09/2022|TI4C|TJXO
5869/TAT/HO/09/2022|TI4C|TL0T
5869/TAT/HO/09/2022|TI4C|TDKX
5869/TAT/HO/09/2022|TI4C|TKPH
5869/TAT/HO/09/2022|TI4C|TTPB
5869/TAT/HO/09/2022|TI4C|FBLA
5869/TAT/HO/09/2022|TI4C|TLRF
5869/TAT/HO/09/2022|TI4C|TTMJ
5869/TAT/HO/09/2022|TI4C|TSJJ
5869/TAT/HO/09/2022|TI4C|TM2S
5869/TAT/HO/09/2022|TI4C|TBUF
5869/TAT/HO/09/2022|TI4C|TZT9
5869/TAT/HO/09/2022|TI4C|T800
5869/TAT/HO/09/2022|TI4C|TJHH
5869/TAT/HO/09/2022|TI4C|TO37
5869/TAT/HO/09/2022|TI4C|T8RU
5869/TAT/HO/09/2022|TI4C|T9NH
5869/TAT/HO/09/2022|TI4C|T2CQ
5869/TAT/HO/09/2022|TI4C|TTSH
5869/TAT/HO/09/2022|TI4C|TGNS
5869/TAT/HO/09/2022|TI4C|TF5V
5869/TAT/HO/09/2022|TI4C|TOMR
5869/TAT/HO/09/2022|TI4C|TY0F
5869/TAT/HO/09/2022|TI4C|TUHG
5869/TAT/HO/09/2022|TI4C|FODP
5869/TAT/HO/09/2022|TI4C|TNZQ
5869/TAT/HO/09/2022|TI4C|FH16
5869/TAT/HO/09/2022|TI4C|T8ZQ
5869/TAT/HO/09/2022|TI4C|TDTG
5869/TAT/HO/09/2022|TI4C|T2DO
5869/TAT/HO/09/2022|TI4C|TA1I
5869/TAT/HO/09/2022|TI4C|T9QR
5869/TAT/HO/09/2022|TI4C|T2YF
5869/TAT/HO/09/2022|TI4C|F7A2
5869/TAT/HO/09/2022|TI4C|TXXH
5869/TAT/HO/09/2022|TI4C|TOPT
5869/TAT/HO/09/2022|TI4C|TAQ1
5869/TAT/HO/09/2022|TI4C|T0N8
5869/TAT/HO/09/2022|TI4C|FO2L
5869/TAT/HO/09/2022|TI4C|TZ3Q
5869/TAT/HO/09/2022|TI4C|T6W2
5869/TAT/HO/09/2022|TI4C|TP8R
5869/TAT/HO/09/2022|TI4C|TKD7
5869/TAT/HO/09/2022|TI4C|TL29
5869/TAT/HO/09/2022|TI4C|T2WH
5869/TAT/HO/09/2022|TI4C|T8G8
5869/TAT/HO/09/2022|TI4C|TU8P
5869/TAT/HO/09/2022|TI4C|T0NT
5869/TAT/HO/09/2022|TI4C|FXEP
5869/TAT/HO/09/2022|TI4C|T01V
5869/TAT/HO/09/2022|TI4C|TYQG
5869/TAT/HO/09/2022|TI4C|TC6N
5869/TAT/HO/09/2022|TI4C|TN7Z
5869/TAT/HO/09/2022|TI4C|TXNX
5869/TAT/HO/09/2022|TI4C|TCVT
5869/TAT/HO/09/2022|TI4C|TKLT
5869/TAT/HO/09/2022|TI4C|TZL7
5869/TAT/HO/09/2022|TI4C|TWJK
5869/TAT/HO/09/2022|TI4C|T1BE
5869/TAT/HO/09/2022|TI4C|TPVX
5869/TAT/HO/09/2022|TI4C|TPB9
5869/TAT/HO/09/2022|TI4C|T7D1
5869/TAT/HO/09/2022|TI4C|T5CA
5869/TAT/HO/09/2022|TI4C|TGJ1
5869/TAT/HO/09/2022|TI4C|FZON
5869/TAT/HO/09/2022|TI4C|F0QG
5869/TAT/HO/09/2022|TI4C|TNG9
5869/TAT/HO/09/2022|TI4C|FKQE
5869/TAT/HO/09/2022|TI4C|FAOU
5869/TAT/HO/09/2022|TI4C|TSDM
5869/TAT/HO/09/2022|TI4C|FMEX
5869/TAT/HO/09/2022|TI4C|FM93
5869/TAT/HO/09/2022|TI4C|T9NJ
5869/TAT/HO/09/2022|TI4C|TWTN
5869/TAT/HO/09/2022|TI4C|FQC3
5869/TAT/HO/09/2022|TI4C|TXAI
5869/TAT/HO/09/2022|TI4C|T3XJ
5869/TAT/HO/09/2022|TI4C|T5LM
5869/TAT/HO/09/2022|TI4C|TQ2O
5869/TAT/HO/09/2022|TI4C|TAIG
5869/TAT/HO/09/2022|TI4C|TLWS
5869/TAT/HO/09/2022|TI4C|T7QD
5869/TAT/HO/09/2022|TI4C|FPV5
5869/TAT/HO/09/2022|TI4C|TUZ4
5869/TAT/HO/09/2022|TI4C|TG1F
5869/TAT/HO/09/2022|TI4C|TZ3Z
5869/TAT/HO/09/2022|TI4C|F1PF
5869/TAT/HO/09/2022|TI4C|TBDB
5869/TAT/HO/09/2022|TI4C|T9AQ
5869/TAT/HO/09/2022|TI4C|F84E
5869/TAT/HO/09/2022|TI4C|T4DY
5869/TAT/HO/09/2022|TI4C|FNPR
5867/TAT/HO/09/2022|TI4C|F010
5867/TAT/HO/09/2022|TI4C|FKP0
5867/TAT/HO/09/2022|TI4C|F5GE
5867/TAT/HO/09/2022|TI4C|TSUI
5867/TAT/HO/09/2022|TI4C|T1Z1
5867/TAT/HO/09/2022|TI4C|FQ64
5867/TAT/HO/09/2022|TI4C|TCZ1
5867/TAT/HO/09/2022|TI4C|F152
5867/TAT/HO/09/2022|TI4C|TC25
5867/TAT/HO/09/2022|TI4C|T3CQ
5867/TAT/HO/09/2022|TI4C|F193
5867/TAT/HO/09/2022|TI4C|TC42
5867/TAT/HO/09/2022|TI4C|FQEG
5867/TAT/HO/09/2022|TI4C|TC53
5867/TAT/HO/09/2022|TI4C|F237
5867/TAT/HO/09/2022|TI4C|TC56
5867/TAT/HO/09/2022|TI4C|F251
5867/TAT/HO/09/2022|TI4C|F265
5867/TAT/HO/09/2022|TI4C|TC85
5867/TAT/HO/09/2022|TI4C|TNIS
5867/TAT/HO/09/2022|TI4C|F295
5867/TAT/HO/09/2022|TI4C|FB6M
5867/TAT/HO/09/2022|TI4C|F399
5867/TAT/HO/09/2022|TI4C|TBN0
5867/TAT/HO/09/2022|TI4C|F541
5867/TAT/HO/09/2022|TI4C|F556
5867/TAT/HO/09/2022|TI4C|F561
5867/TAT/HO/09/2022|TI4C|F572
5867/TAT/HO/09/2022|TI4C|FORD
5867/TAT/HO/09/2022|TI4C|TGBI
5867/TAT/HO/09/2022|TI4C|R025
5867/TAT/HO/09/2022|TI4C|R029
5867/TAT/HO/09/2022|TI4C|R032
5867/TAT/HO/09/2022|TI4C|R035
5867/TAT/HO/09/2022|TI4C|R042
5867/TAT/HO/09/2022|TI4C|R051
5867/TAT/HO/09/2022|TI4C|TNTG
5867/TAT/HO/09/2022|TI4C|T001
5867/TAT/HO/09/2022|TI4C|T003
5867/TAT/HO/09/2022|TI4C|T011
5867/TAT/HO/09/2022|TI4C|TCML
5867/TAT/HO/09/2022|TI4C|T023
5867/TAT/HO/09/2022|TI4C|T037
5867/TAT/HO/09/2022|TI4C|T046
5867/TAT/HO/09/2022|TI4C|T1KU
5867/TAT/HO/09/2022|TI4C|T116
5867/TAT/HO/09/2022|TI4C|T129
5867/TAT/HO/09/2022|TI4C|T190
5867/TAT/HO/09/2022|TI4C|T211
5867/TAT/HO/09/2022|TI4C|T220
5867/TAT/HO/09/2022|TI4C|T226
5867/TAT/HO/09/2022|TI4C|T242
5867/TAT/HO/09/2022|TI4C|T278
5867/TAT/HO/09/2022|TI4C|T511
5867/TAT/HO/09/2022|TI4C|T4IA
5867/TAT/HO/09/2022|TI4C|F31U
5867/TAT/HO/09/2022|TI4C|T768
5867/TAT/HO/09/2022|TI4C|TGLS
5867/TAT/HO/09/2022|TI4C|T956
5867/TAT/HO/09/2022|TI4C|T959
5867/TAT/HO/09/2022|TI4C|T9SG
5867/TAT/HO/09/2022|TI4C|T971
5867/TAT/HO/09/2022|TI4C|T981
5867/TAT/HO/09/2022|TI4C|T985
5867/TAT/HO/09/2022|TI4C|TFQB
5867/TAT/HO/09/2022|TI4C|TAAL
5867/TAT/HO/09/2022|TI4C|FL28
5867/TAT/HO/09/2022|TI4C|TJ01
5867/TAT/HO/09/2022|TI4C|TP01
5867/TAT/HO/09/2022|TI4C|TALA
5867/TAT/HO/09/2022|TI4C|TB98
5867/TAT/HO/09/2022|TI4C|F715
5867/TAT/HO/09/2022|TI4C|F724
5867/TAT/HO/09/2022|TI4C|F233
5867/TAT/HO/09/2022|TI4C|TUGZ
5867/TAT/HO/09/2022|TI4C|F763
5867/TAT/HO/09/2022|TI4C|TV6J
5867/TAT/HO/09/2022|TI4C|F799
5867/TAT/HO/09/2022|TI4C|F800
5867/TAT/HO/09/2022|TI4C|TLDB
5867/TAT/HO/09/2022|TI4C|T8MS
5867/TAT/HO/09/2022|TI4C|TR80
5867/TAT/HO/09/2022|TI4C|TC07
5867/TAT/HO/09/2022|TI4C|TC08
5867/TAT/HO/09/2022|TI4C|F37L
5867/TAT/HO/09/2022|TI4C|TAV9
5867/TAT/HO/09/2022|TI4C|TC11
5867/TAT/HO/09/2022|TI4C|TC17
5867/TAT/HO/09/2022|TI4C|TC26
5867/TAT/HO/09/2022|TI4C|TC28
5867/TAT/HO/09/2022|TI4C|TC32
5867/TAT/HO/09/2022|TI4C|TORT
5867/TAT/HO/09/2022|TI4C|TTNG
5867/TAT/HO/09/2022|TI4C|TQ1C
5867/TAT/HO/09/2022|TI4C|TC35
5867/TAT/HO/09/2022|TI4C|TC36
5867/TAT/HO/09/2022|TI4C|TC39
5867/TAT/HO/09/2022|TI4C|FL12
5867/TAT/HO/09/2022|TI4C|TC50
5867/TAT/HO/09/2022|TI4C|TC57
5867/TAT/HO/09/2022|TI4C|TC59
5867/TAT/HO/09/2022|TI4C|TC60
5867/TAT/HO/09/2022|TI4C|TC63
5867/TAT/HO/09/2022|TI4C|TC71
5867/TAT/HO/09/2022|TI4C|TC73
5867/TAT/HO/09/2022|TI4C|F87L
5867/TAT/HO/09/2022|TI4C|TC77
5867/TAT/HO/09/2022|TI4C|F75L
5867/TAT/HO/09/2022|TI4C|F18U
5867/TAT/HO/09/2022|TI4C|TC87
5867/TAT/HO/09/2022|TI4C|TC94
5867/TAT/HO/09/2022|TI4C|R087
5867/TAT/HO/09/2022|TI4C|TC97
5867/TAT/HO/09/2022|TI4C|F77A
5867/TAT/HO/09/2022|TI4C|F87A
5867/TAT/HO/09/2022|TI4C|TU0U
5867/TAT/HO/09/2022|TI4C|T0C4
5867/TAT/HO/09/2022|TI4C|T06C
5867/TAT/HO/09/2022|TI4C|T11C
5867/TAT/HO/09/2022|TI4C|T98C
5867/TAT/HO/09/2022|TI4C|TPT2
5867/TAT/HO/09/2022|TI4C|TPA9
5867/TAT/HO/09/2022|TI4C|FE26
5867/TAT/HO/09/2022|TI4C|FE27
5867/TAT/HO/09/2022|TI4C|TK02
5867/TAT/HO/09/2022|TI4C|TK04
5867/TAT/HO/09/2022|TI4C|TK05
5867/TAT/HO/09/2022|TI4C|T02K
5867/TAT/HO/09/2022|TI4C|TK00
5867/TAT/HO/09/2022|TI4C|TA3P
5867/TAT/HO/09/2022|TI4C|TFVH
5867/TAT/HO/09/2022|TI4C|T15K
5867/TAT/HO/09/2022|TI4C|T17K
5867/TAT/HO/09/2022|TI4C|T18K
5867/TAT/HO/09/2022|TI4C|T26K
5867/TAT/HO/09/2022|TI4C|T27K
5867/TAT/HO/09/2022|TI4C|T28K
5867/TAT/HO/09/2022|TI4C|T37K
5867/TAT/HO/09/2022|TI4C|T38K
5867/TAT/HO/09/2022|TI4C|TE5C
5867/TAT/HO/09/2022|TI4C|R104
5867/TAT/HO/09/2022|TI4C|TE9C
5867/TAT/HO/09/2022|TI4C|TWDS
5867/TAT/HO/09/2022|TI4C|T54K
5867/TAT/HO/09/2022|TI4C|THC0
5867/TAT/HO/09/2022|TI4C|FT56
5867/TAT/HO/09/2022|TI4C|THC1
5867/TAT/HO/09/2022|TI4C|THC2
5867/TAT/HO/09/2022|TI4C|T67K
5867/TAT/HO/09/2022|TI4C|TB07
5867/TAT/HO/09/2022|TI4C|FT18
5867/TAT/HO/09/2022|TI4C|TB28
5867/TAT/HO/09/2022|TI4C|TB29
5867/TAT/HO/09/2022|TI4C|TB49
5867/TAT/HO/09/2022|TI4C|TTSL
5867/TAT/HO/09/2022|TI4C|TB52
5867/TAT/HO/09/2022|TI4C|TB55
5867/TAT/HO/09/2022|TI4C|TB69
5867/TAT/HO/09/2022|TI4C|TB70
5867/TAT/HO/09/2022|TI4C|TB71
5867/TAT/HO/09/2022|TI4C|TQ03
5867/TAT/HO/09/2022|TI4C|TSCT
5867/TAT/HO/09/2022|TI4C|T01B
5867/TAT/HO/09/2022|TI4C|T02B
5867/TAT/HO/09/2022|TI4C|TG26
5867/TAT/HO/09/2022|TI4C|T06B
5867/TAT/HO/09/2022|TI4C|T08B
5867/TAT/HO/09/2022|TI4C|T09B
5867/TAT/HO/09/2022|TI4C|FV73
5867/TAT/HO/09/2022|TI4C|TXK1
5867/TAT/HO/09/2022|TI4C|T13B
5867/TAT/HO/09/2022|TI4C|T15B
5867/TAT/HO/09/2022|TI4C|T16B
5867/TAT/HO/09/2022|TI4C|T18B
5867/TAT/HO/09/2022|TI4C|T19B
5867/TAT/HO/09/2022|TI4C|T21B
5867/TAT/HO/09/2022|TI4C|T24B
5867/TAT/HO/09/2022|TI4C|T51G
5867/TAT/HO/09/2022|TI4C|T53G
5867/TAT/HO/09/2022|TI4C|T53B
5867/TAT/HO/09/2022|TI4C|T58B
5867/TAT/HO/09/2022|TI4C|T59B
5867/TAT/HO/09/2022|TI4C|T60B
5867/TAT/HO/09/2022|TI4C|T61B
5867/TAT/HO/09/2022|TI4C|FD43
5867/TAT/HO/09/2022|TI4C|T84B
5867/TAT/HO/09/2022|TI4C|T94B
5867/TAT/HO/09/2022|TI4C|T04D
5867/TAT/HO/09/2022|TI4C|T09D
5867/TAT/HO/09/2022|TI4C|T10D
5867/TAT/HO/09/2022|TI4C|FD81
5867/TAT/HO/09/2022|TI4C|TRQ7
5867/TAT/HO/09/2022|TI4C|TRQ8
5867/TAT/HO/09/2022|TI4C|T29D
5867/TAT/HO/09/2022|TI4C|T30D
5867/TAT/HO/09/2022|TI4C|TRV0
5867/TAT/HO/09/2022|TI4C|T52D
5867/TAT/HO/09/2022|TI4C|T69D
5867/TAT/HO/09/2022|TI4C|T77D
5867/TAT/HO/09/2022|TI4C|T78D
5867/TAT/HO/09/2022|TI4C|T79D
5867/TAT/HO/09/2022|TI4C|T84D
5867/TAT/HO/09/2022|TI4C|T96D
5867/TAT/HO/09/2022|TI4C|T97D
5867/TAT/HO/09/2022|TI4C|T12Q
5867/TAT/HO/09/2022|TI4C|T13Q
5867/TAT/HO/09/2022|TI4C|T15Q
5867/TAT/HO/09/2022|TI4C|T21Q
5867/TAT/HO/09/2022|TI4C|T51Q
5867/TAT/HO/09/2022|TI4C|T85Q
5867/TAT/HO/09/2022|TI4C|T92Q
5867/TAT/HO/09/2022|TI4C|T93Q
5867/TAT/HO/09/2022|TI4C|T94Q
5867/TAT/HO/09/2022|TI4C|T99K
5867/TAT/HO/09/2022|TI4C|FQ82
5867/TAT/HO/09/2022|TI4C|FQ84
5867/TAT/HO/09/2022|TI4C|TK29
5867/TAT/HO/09/2022|TI4C|FD4Z
5867/TAT/HO/09/2022|TI4C|TL79
5867/TAT/HO/09/2022|TI4C|TR36
5867/TAT/HO/09/2022|TI4C|TR50
5867/TAT/HO/09/2022|TI4C|TR59
5867/TAT/HO/09/2022|TI4C|TR96
5867/TAT/HO/09/2022|TI4C|TS86
5867/TAT/HO/09/2022|TI4C|F6WD
5867/TAT/HO/09/2022|TI4C|TS90
5867/TAT/HO/09/2022|TI4C|TS96
5867/TAT/HO/09/2022|TI4C|T48T
5867/TAT/HO/09/2022|TI4C|T51T
5867/TAT/HO/09/2022|TI4C|T52T
5867/TAT/HO/09/2022|TI4C|T63T
5867/TAT/HO/09/2022|TI4C|T77T
5867/TAT/HO/09/2022|TI4C|T83T
5867/TAT/HO/09/2022|TI4C|F96Q
5867/TAT/HO/09/2022|TI4C|TWM3
5867/TAT/HO/09/2022|TI4C|TT90
5867/TAT/HO/09/2022|TI4C|T36G
5867/TAT/HO/09/2022|TI4C|T00O
5867/TAT/HO/09/2022|TI4C|TE2F
5867/TAT/HO/09/2022|TI4C|FA44
5867/TAT/HO/09/2022|TI4C|T2RO
5867/TAT/HO/09/2022|TI4C|TT1U
5867/TAT/HO/09/2022|TI4C|TJ7X
5867/TAT/HO/09/2022|TI4C|TL3I
5867/TAT/HO/09/2022|TI4C|TYRO
5867/TAT/HO/09/2022|TI4C|TTZP
5867/TAT/HO/09/2022|TI4C|TASC
5867/TAT/HO/09/2022|TI4C|TX9Z
5867/TAT/HO/09/2022|TI4C|TM8Y
5867/TAT/HO/09/2022|TI4C|TPTN
5867/TAT/HO/09/2022|TI4C|TGG0
5867/TAT/HO/09/2022|TI4C|T03W
5867/TAT/HO/09/2022|TI4C|TUP7
5867/TAT/HO/09/2022|TI4C|TLO9
5867/TAT/HO/09/2022|TI4C|FKZ4
5867/TAT/HO/09/2022|TI4C|TA8N
5867/TAT/HO/09/2022|TI4C|FEMX
5867/TAT/HO/09/2022|TI4C|TY9P
5867/TAT/HO/09/2022|TI4C|TLSA
5867/TAT/HO/09/2022|TI4C|T3BN
5867/TAT/HO/09/2022|TI4C|T305
5867/TAT/HO/09/2022|TI4C|F9J6
5867/TAT/HO/09/2022|TI4C|TS1S
5867/TAT/HO/09/2022|TI4C|TJKC
5867/TAT/HO/09/2022|TI4C|TWLY
5867/TAT/HO/09/2022|TI4C|TWXJ
5867/TAT/HO/09/2022|TI4C|RBO7
5867/TAT/HO/09/2022|TI4C|TXD6
5867/TAT/HO/09/2022|TI4C|TBOL
5867/TAT/HO/09/2022|TI4C|TE5J
5867/TAT/HO/09/2022|TI4C|TAMC
5867/TAT/HO/09/2022|TI4C|TAS3
5867/TAT/HO/09/2022|TI4C|T6EB
5867/TAT/HO/09/2022|TI4C|T7IP
5867/TAT/HO/09/2022|TI4C|TGRR
5867/TAT/HO/09/2022|TI4C|TJLJ
5867/TAT/HO/09/2022|TI4C|TGUG
5867/TAT/HO/09/2022|TI4C|TO73
5867/TAT/HO/09/2022|TI4C|FUYU
5867/TAT/HO/09/2022|TI4C|T8ND
5867/TAT/HO/09/2022|TI4C|TEG3
5867/TAT/HO/09/2022|TI4C|TOTA
5867/TAT/HO/09/2022|TI4C|TOLA
5867/TAT/HO/09/2022|TI4C|TOPS
5867/TAT/HO/09/2022|TI4C|F4UR
5867/TAT/HO/09/2022|TI4C|FIBO
5867/TAT/HO/09/2022|TI4C|TGAL
5867/TAT/HO/09/2022|TI4C|TALE
5867/TAT/HO/09/2022|TI4C|TAPE
5867/TAT/HO/09/2022|TI4C|T4RI
5867/TAT/HO/09/2022|TI4C|F4DC
5867/TAT/HO/09/2022|TI4C|TEBI
5867/TAT/HO/09/2022|TI4C|T2T2
5867/TAT/HO/09/2022|TI4C|TADT
5867/TAT/HO/09/2022|TI4C|FTTM
5867/TAT/HO/09/2022|TI4C|T4BU
5867/TAT/HO/09/2022|TI4C|TM5D
5867/TAT/HO/09/2022|TI4C|TTP7
5867/TAT/HO/09/2022|TI4C|F2AC
5867/TAT/HO/09/2022|TI4C|TTR1
5867/TAT/HO/09/2022|TI4C|TNDU
5867/TAT/HO/09/2022|TI4C|TNRB
5867/TAT/HO/09/2022|TI4C|TZUT
5867/TAT/HO/09/2022|TI4C|FEZE
5867/TAT/HO/09/2022|TI4C|FEND
5867/TAT/HO/09/2022|TI4C|T4AO
5867/TAT/HO/09/2022|TI4C|FUDF
5867/TAT/HO/09/2022|TI4C|F3GY
5867/TAT/HO/09/2022|TI4C|FTHN
5867/TAT/HO/09/2022|TI4C|T0Q7
5867/TAT/HO/09/2022|TI4C|TJN2
5867/TAT/HO/09/2022|TI4C|TOTU
5867/TAT/HO/09/2022|TI4C|TJIN
5867/TAT/HO/09/2022|TI4C|T8T9
5867/TAT/HO/09/2022|TI4C|TYMY
5867/TAT/HO/09/2022|TI4C|T4RG
5867/TAT/HO/09/2022|TI4C|THT1
5867/TAT/HO/09/2022|TI4C|TKLG
5867/TAT/HO/09/2022|TI4C|TEMP
5867/TAT/HO/09/2022|TI4C|TKAK
5867/TAT/HO/09/2022|TI4C|T89M
5867/TAT/HO/09/2022|TI4C|T31W
5867/TAT/HO/09/2022|TI4C|TSB6
5867/TAT/HO/09/2022|TI4C|TAUP
5867/TAT/HO/09/2022|TI4C|FRSI
5867/TAT/HO/09/2022|TI4C|T7XU
5867/TAT/HO/09/2022|TI4C|T4S6
5867/TAT/HO/09/2022|TI4C|TNE4
5867/TAT/HO/09/2022|TI4C|T3JU
5867/TAT/HO/09/2022|TI4C|T6MQ
5867/TAT/HO/09/2022|TI4C|FMYW
5867/TAT/HO/09/2022|TI4C|TB7X
5867/TAT/HO/09/2022|TI4C|TO4K
5867/TAT/HO/09/2022|TI4C|T8GS
5867/TAT/HO/09/2022|TI4C|TO7B
5867/TAT/HO/09/2022|TI4C|TC7S
5867/TAT/HO/09/2022|TI4C|TRFN
5867/TAT/HO/09/2022|TI4C|TQ8D
5867/TAT/HO/09/2022|TI4C|TNZ1
5867/TAT/HO/09/2022|TI4C|TUNB
5867/TAT/HO/09/2022|TI4C|TPML
5867/TAT/HO/09/2022|TI4C|TU6S
5867/TAT/HO/09/2022|TI4C|T5T3
5867/TAT/HO/09/2022|TI4C|T5R6
5867/TAT/HO/09/2022|TI4C|TQPO
5867/TAT/HO/09/2022|TI4C|TCRN
5867/TAT/HO/09/2022|TI4C|TCMJ
5867/TAT/HO/09/2022|TI4C|TP0K
5867/TAT/HO/09/2022|TI4C|TAP5
5867/TAT/HO/09/2022|TI4C|TBOI
5867/TAT/HO/09/2022|TI4C|TBSA
5867/TAT/HO/09/2022|TI4C|T5LG
5867/TAT/HO/09/2022|TI4C|FNZY
5867/TAT/HO/09/2022|TI4C|TMXK
5867/TAT/HO/09/2022|TI4C|TP7F
5867/TAT/HO/09/2022|TI4C|FLY0
5867/TAT/HO/09/2022|TI4C|TITB
5867/TAT/HO/09/2022|TI4C|TWN1
5867/TAT/HO/09/2022|TI4C|TXR0
5867/TAT/HO/09/2022|TI4C|TK2S
5867/TAT/HO/09/2022|TI4C|TDEN
5867/TAT/HO/09/2022|TI4C|FEIE
5867/TAT/HO/09/2022|TI4C|TKQP
5867/TAT/HO/09/2022|TI4C|FOEY
5867/TAT/HO/09/2022|TI4C|FN54
5867/TAT/HO/09/2022|TI4C|TSYK
5867/TAT/HO/09/2022|TI4C|TFOO
5867/TAT/HO/09/2022|TI4C|T8OM
5867/TAT/HO/09/2022|TI4C|T9IR
5867/TAT/HO/09/2022|TI4C|TSLT
5867/TAT/HO/09/2022|TI4C|TO1A
5867/TAT/HO/09/2022|TI4C|TRV9
5867/TAT/HO/09/2022|TI4C|TT1G
5867/TAT/HO/09/2022|TI4C|T2Z0
5867/TAT/HO/09/2022|TI4C|TOPY
5867/TAT/HO/09/2022|TI4C|TCUO
5867/TAT/HO/09/2022|TI4C|TJJU
5867/TAT/HO/09/2022|TI4C|T71P
5867/TAT/HO/09/2022|TI4C|FZXM
5867/TAT/HO/09/2022|TI4C|TO07
5867/TAT/HO/09/2022|TI4C|FBFX
5867/TAT/HO/09/2022|TI4C|T4AK
5867/TAT/HO/09/2022|TI4C|TGV7
5867/TAT/HO/09/2022|TI4C|TU0I
5867/TAT/HO/09/2022|TI4C|TR0C
5867/TAT/HO/09/2022|TI4C|TP3L
5867/TAT/HO/09/2022|TI4C|T94S
5867/TAT/HO/09/2022|TI4C|TK0Z
5867/TAT/HO/09/2022|TI4C|T6ZO
5867/TAT/HO/09/2022|TI4C|T6YZ
5867/TAT/HO/09/2022|TI4C|TGEY
5867/TAT/HO/09/2022|TI4C|T5WI
5867/TAT/HO/09/2022|TI4C|TITX
5867/TAT/HO/09/2022|TI4C|TUNC
5867/TAT/HO/09/2022|TI4C|F86T
5867/TAT/HO/09/2022|TI4C|FRJ0
5867/TAT/HO/09/2022|TI4C|T8B7
5867/TAT/HO/09/2022|TI4C|FYSM
5867/TAT/HO/09/2022|TI4C|TZGC
5867/TAT/HO/09/2022|TI4C|T6YY
5867/TAT/HO/09/2022|TI4C|TWKM
5867/TAT/HO/09/2022|TI4C|T8E8
5867/TAT/HO/09/2022|TI4C|TR0X
5867/TAT/HO/09/2022|TI4C|TC1N
5867/TAT/HO/09/2022|TI4C|TRMR
5867/TAT/HO/09/2022|TI4C|TIMP
5867/TAT/HO/09/2022|TI4C|FHMH
5867/TAT/HO/09/2022|TI4C|T0D9
5867/TAT/HO/09/2022|TI4C|FUFF
5867/TAT/HO/09/2022|TI4C|FU16
5867/TAT/HO/09/2022|TI4C|TI61
5867/TAT/HO/09/2022|TI4C|FLIX
5867/TAT/HO/09/2022|TI4C|T39N
5867/TAT/HO/09/2022|TI4C|TN4C
5867/TAT/HO/09/2022|TI4C|TKU7
5867/TAT/HO/09/2022|TI4C|TBBC
5867/TAT/HO/09/2022|TI4C|T2Y2
5867/TAT/HO/09/2022|TI4C|TYCB
5867/TAT/HO/09/2022|TI4C|TA8F
5867/TAT/HO/09/2022|TI4C|TNWV
5867/TAT/HO/09/2022|TI4C|TT3K
5867/TAT/HO/09/2022|TI4C|TOKX
5867/TAT/HO/09/2022|TI4C|FQW9
5867/TAT/HO/09/2022|TI4C|T7E6
5867/TAT/HO/09/2022|TI4C|TM3V
5867/TAT/HO/09/2022|TI4C|TME3
5867/TAT/HO/09/2022|TI4C|TTXG
5867/TAT/HO/09/2022|TI4C|T1BP
5867/TAT/HO/09/2022|TI4C|TEYA
5867/TAT/HO/09/2022|TI4C|TG0F
5867/TAT/HO/09/2022|TI4C|TANE
5867/TAT/HO/09/2022|TI4C|TNER
5867/TAT/HO/09/2022|TI4C|TAPP
5867/TAT/HO/09/2022|TI4C|TT2D
5867/TAT/HO/09/2022|TI4C|TBPW
5867/TAT/HO/09/2022|TI4C|TUX2
5867/TAT/HO/09/2022|TI4C|TK1U
5867/TAT/HO/09/2022|TI4C|TSUG
5867/TAT/HO/09/2022|TI4C|F4O3
5867/TAT/HO/09/2022|TI4C|TAYI
5867/TAT/HO/09/2022|TI4C|TEYU
5867/TAT/HO/09/2022|TI4C|T72O
5867/TAT/HO/09/2022|TI4C|TMDS
5867/TAT/HO/09/2022|TI4C|TEHO
5867/TAT/HO/09/2022|TI4C|TDUB
5867/TAT/HO/09/2022|TI4C|T14Y
5867/TAT/HO/09/2022|TI4C|TJKT
5867/TAT/HO/09/2022|TI4C|T6GD
5867/TAT/HO/09/2022|TI4C|TRR6
5867/TAT/HO/09/2022|TI4C|TUCY
5867/TAT/HO/09/2022|TI4C|TCD7
5867/TAT/HO/09/2022|TI4C|T7EK
5867/TAT/HO/09/2022|TI4C|TK9F
5867/TAT/HO/09/2022|TI4C|TCFG
5867/TAT/HO/09/2022|TI4C|T0GO
5867/TAT/HO/09/2022|TI4C|TTDQ
5867/TAT/HO/09/2022|TI4C|TRZA
5867/TAT/HO/09/2022|TI4C|T2NL
5867/TAT/HO/09/2022|TI4C|TI1A
5867/TAT/HO/09/2022|TI4C|TUW1
5867/TAT/HO/09/2022|TI4C|TUBH
5867/TAT/HO/09/2022|TI4C|TN86
5867/TAT/HO/09/2022|TI4C|FAY2
5867/TAT/HO/09/2022|TI4C|TJC5
5867/TAT/HO/09/2022|TI4C|TVC7
5867/TAT/HO/09/2022|TI4C|T1WM
5867/TAT/HO/09/2022|TI4C|TTIV
5867/TAT/HO/09/2022|TI4C|TKCK
5867/TAT/HO/09/2022|TI4C|TABX
5867/TAT/HO/09/2022|TI4C|T8MF
5867/TAT/HO/09/2022|TI4C|TDPU
5867/TAT/HO/09/2022|TI4C|TTP8
5867/TAT/HO/09/2022|TI4C|TXM0
5867/TAT/HO/09/2022|TI4C|T9W2
5867/TAT/HO/09/2022|TI4C|TN9E
5867/TAT/HO/09/2022|TI4C|FJ01
5867/TAT/HO/09/2022|TI4C|TW1R
5867/TAT/HO/09/2022|TI4C|T94H
5867/TAT/HO/09/2022|TI4C|TDF9
5867/TAT/HO/09/2022|TI4C|T099
5867/TAT/HO/09/2022|TI4C|T66A
5867/TAT/HO/09/2022|TI4C|TA2S
5867/TAT/HO/09/2022|TI4C|TKTC
5867/TAT/HO/09/2022|TI4C|TVTJ
5867/TAT/HO/09/2022|TI4C|TD2R
5867/TAT/HO/09/2022|TI4C|T018
5867/TAT/HO/09/2022|TI4C|TX9C
5867/TAT/HO/09/2022|TI4C|TVH5
5867/TAT/HO/09/2022|TI4C|THOQ
5867/TAT/HO/09/2022|TI4C|TLUJ
5867/TAT/HO/09/2022|TI4C|TSHY
5867/TAT/HO/09/2022|TI4C|T8RR
5867/TAT/HO/09/2022|TI4C|T9LS
5867/TAT/HO/09/2022|TI4C|TU8U
5867/TAT/HO/09/2022|TI4C|TVVL
5867/TAT/HO/09/2022|TI4C|T6ON
5867/TAT/HO/09/2022|TI4C|T0QC
5867/TAT/HO/09/2022|TI4C|F8IN
5867/TAT/HO/09/2022|TI4C|T6IT
5867/TAT/HO/09/2022|TI4C|TSKM
5867/TAT/HO/09/2022|TI4C|TUK3
5867/TAT/HO/09/2022|TI4C|TJM6
5867/TAT/HO/09/2022|TI4C|TWKT
5867/TAT/HO/09/2022|TI4C|TAWE
5867/TAT/HO/09/2022|TI4C|TDR6
5867/TAT/HO/09/2022|TI4C|TSUZ
5867/TAT/HO/09/2022|TI4C|TA1R
5867/TAT/HO/09/2022|TI4C|FRE4
5867/TAT/HO/09/2022|TI4C|TIL2
5867/TAT/HO/09/2022|TI4C|TH1Z
5867/TAT/HO/09/2022|TI4C|TOW0
5867/TAT/HO/09/2022|TI4C|FBRA
5867/TAT/HO/09/2022|TI4C|TJRT
5867/TAT/HO/09/2022|TI4C|TF7W
5867/TAT/HO/09/2022|TI4C|TXOJ
5867/TAT/HO/09/2022|TI4C|TONF
5867/TAT/HO/09/2022|TI4C|FJP1
5867/TAT/HO/09/2022|TI4C|FH8A
5867/TAT/HO/09/2022|TI4C|TLVY
5867/TAT/HO/09/2022|TI4C|T54P
5867/TAT/HO/09/2022|TI4C|T8IC
5867/TAT/HO/09/2022|TI4C|T5GV
5867/TAT/HO/09/2022|TI4C|T8QS
5867/TAT/HO/09/2022|TI4C|TPS9
5867/TAT/HO/09/2022|TI4C|TIRU
5867/TAT/HO/09/2022|TI4C|TIAZ
5867/TAT/HO/09/2022|TI4C|TEQI
5867/TAT/HO/09/2022|TI4C|TL9S
5867/TAT/HO/09/2022|TI4C|TCIU
5867/TAT/HO/09/2022|TI4C|FTNT
5867/TAT/HO/09/2022|TI4C|T5PE
5867/TAT/HO/09/2022|TI4C|TTUU
5867/TAT/HO/09/2022|TI4C|T80O
5867/TAT/HO/09/2022|TI4C|T12M
5867/TAT/HO/09/2022|TI4C|FR0R
5867/TAT/HO/09/2022|TI4C|FCDM
5867/TAT/HO/09/2022|TI4C|TQRC
5867/TAT/HO/09/2022|TI4C|TFSV
5867/TAT/HO/09/2022|TI4C|TXQL
5867/TAT/HO/09/2022|TI4C|TK1R
5867/TAT/HO/09/2022|TI4C|TAPQ
5867/TAT/HO/09/2022|TI4C|TS8Q
5867/TAT/HO/09/2022|TI4C|TS3N
5867/TAT/HO/09/2022|TI4C|TQS4
5867/TAT/HO/09/2022|TI4C|TGCU
5867/TAT/HO/09/2022|TI4C|F2RP
5867/TAT/HO/09/2022|TI4C|TTML
5867/TAT/HO/09/2022|TI4C|T6NJ
5867/TAT/HO/09/2022|TI4C|TIUU
5867/TAT/HO/09/2022|TI4C|TNMO
5867/TAT/HO/09/2022|TI4C|T3P1
5867/TAT/HO/09/2022|TI4C|TA1U
5867/TAT/HO/09/2022|TI4C|TT5Y
5867/TAT/HO/09/2022|TI4C|FEZ4
5867/TAT/HO/09/2022|TI4C|THHN
5867/TAT/HO/09/2022|TI4C|TWAE
5867/TAT/HO/09/2022|TI4C|TDOB
5867/TAT/HO/09/2022|TI4C|TR0N
5867/TAT/HO/09/2022|TI4C|TYY6
5867/TAT/HO/09/2022|TI4C|TNLK
5867/TAT/HO/09/2022|TI4C|TALS
5867/TAT/HO/09/2022|TI4C|TCS9
5867/TAT/HO/09/2022|TI4C|TLMI
5867/TAT/HO/09/2022|TI4C|T8KB
5867/TAT/HO/09/2022|TI4C|F66V
5867/TAT/HO/09/2022|TI4C|TINN
5867/TAT/HO/09/2022|TI4C|FAR6
5867/TAT/HO/09/2022|TI4C|THGP
5867/TAT/HO/09/2022|TI4C|FCS6
5867/TAT/HO/09/2022|TI4C|TTWU
5867/TAT/HO/09/2022|TI4C|T9KL
5867/TAT/HO/09/2022|TI4C|TPT7
5867/TAT/HO/09/2022|TI4C|TQQM
5867/TAT/HO/09/2022|TI4C|T8CO
5867/TAT/HO/09/2022|TI4C|TEVD
5867/TAT/HO/09/2022|TI4C|T5J3
5867/TAT/HO/09/2022|TI4C|TA5N
5867/TAT/HO/09/2022|TI4C|TA9P
5867/TAT/HO/09/2022|TI4C|TENT
5867/TAT/HO/09/2022|TI4C|T1Y3
5867/TAT/HO/09/2022|TI4C|TVNQ
5867/TAT/HO/09/2022|TI4C|TH3W
5867/TAT/HO/09/2022|TI4C|THI6
5867/TAT/HO/09/2022|TI4C|TT2K
5867/TAT/HO/09/2022|TI4C|TD4Y
5867/TAT/HO/09/2022|TI4C|TM68
5867/TAT/HO/09/2022|TI4C|T62R
5867/TAT/HO/09/2022|TI4C|FH69
5867/TAT/HO/09/2022|TI4C|TB3Q
5867/TAT/HO/09/2022|TI4C|TN0W
5867/TAT/HO/09/2022|TI4C|TK2R
5867/TAT/HO/09/2022|TI4C|TTAP
5867/TAT/HO/09/2022|TI4C|TT9E
5867/TAT/HO/09/2022|TI4C|TP8L
5867/TAT/HO/09/2022|TI4C|T4VN
5867/TAT/HO/09/2022|TI4C|T65C
5867/TAT/HO/09/2022|TI4C|TZGZ
5867/TAT/HO/09/2022|TI4C|TLJ2
5867/TAT/HO/09/2022|TI4C|TFPC
5867/TAT/HO/09/2022|TI4C|T8RY
5867/TAT/HO/09/2022|TI4C|TXRS
5867/TAT/HO/09/2022|TI4C|TLSJ
5867/TAT/HO/09/2022|TI4C|TNUN
5867/TAT/HO/09/2022|TI4C|T1RV
5867/TAT/HO/09/2022|TI4C|T9EW
5867/TAT/HO/09/2022|TI4C|TELA
5867/TAT/HO/09/2022|TI4C|TUQZ
5867/TAT/HO/09/2022|TI4C|TCLQ
5867/TAT/HO/09/2022|TI4C|TSDR
5867/TAT/HO/09/2022|TI4C|T1GN
5867/TAT/HO/09/2022|TI4C|T30I
5867/TAT/HO/09/2022|TI4C|
5867/TAT/HO/09/2022|TI4C|T594
5867/TAT/HO/09/2022|TI4C|TL6P
5867/TAT/HO/09/2022|TI4C|T2LU
5867/TAT/HO/09/2022|TI4C|TY4K
5867/TAT/HO/09/2022|TI4C|FUQI
5867/TAT/HO/09/2022|TI4C|T5KO
5867/TAT/HO/09/2022|TI4C|TRIY
5867/TAT/HO/09/2022|TI4C|TEAT
5867/TAT/HO/09/2022|TI4C|TMPX
5867/TAT/HO/09/2022|TI4C|TOLE
5867/TAT/HO/09/2022|TI4C|T0MY
5867/TAT/HO/09/2022|TI4C|FUUD
5867/TAT/HO/09/2022|TI4C|FUUZ
5867/TAT/HO/09/2022|TI4C|TJPO
5867/TAT/HO/09/2022|TI4C|T98I
5867/TAT/HO/09/2022|TI4C|TTEQ
5867/TAT/HO/09/2022|TI4C|FFDQ
5867/TAT/HO/09/2022|TI4C|TMBT
5867/TAT/HO/09/2022|TI4C|TML2
5867/TAT/HO/09/2022|TI4C|T170
5867/TAT/HO/09/2022|TI4C|TEDC
5867/TAT/HO/09/2022|TI4C|FTMD
5867/TAT/HO/09/2022|TI4C|TMLV
5867/TAT/HO/09/2022|TI4C|T42P
5867/TAT/HO/09/2022|TI4C|F21S
5867/TAT/HO/09/2022|TI4C|TKU2
5867/TAT/HO/09/2022|TI4C|TIRP
5867/TAT/HO/09/2022|TI4C|TMOF
5867/TAT/HO/09/2022|TI4C|TLQP
5867/TAT/HO/09/2022|TI4C|TU5K
5867/TAT/HO/09/2022|TI4C|FBOO
5867/TAT/HO/09/2022|TI4C|TJXO
5867/TAT/HO/09/2022|TI4C|TL0T
5867/TAT/HO/09/2022|TI4C|TDKX
5867/TAT/HO/09/2022|TI4C|TKPH
5867/TAT/HO/09/2022|TI4C|TTPB
5867/TAT/HO/09/2022|TI4C|FBLA
5867/TAT/HO/09/2022|TI4C|TLRF
5867/TAT/HO/09/2022|TI4C|TTMJ
5867/TAT/HO/09/2022|TI4C|TSJJ
5867/TAT/HO/09/2022|TI4C|TM2S
5867/TAT/HO/09/2022|TI4C|TBUF
5867/TAT/HO/09/2022|TI4C|TZT9
5867/TAT/HO/09/2022|TI4C|T800
5867/TAT/HO/09/2022|TI4C|TJHH
5867/TAT/HO/09/2022|TI4C|TO37
5867/TAT/HO/09/2022|TI4C|T8RU
5867/TAT/HO/09/2022|TI4C|T9NH
5867/TAT/HO/09/2022|TI4C|T2CQ
5867/TAT/HO/09/2022|TI4C|TTSH
5867/TAT/HO/09/2022|TI4C|TGNS
5867/TAT/HO/09/2022|TI4C|TF5V
5867/TAT/HO/09/2022|TI4C|TOMR
5867/TAT/HO/09/2022|TI4C|TY0F
5867/TAT/HO/09/2022|TI4C|TUHG
5867/TAT/HO/09/2022|TI4C|FODP
5867/TAT/HO/09/2022|TI4C|TNZQ
5867/TAT/HO/09/2022|TI4C|FH16
5867/TAT/HO/09/2022|TI4C|T8ZQ
5867/TAT/HO/09/2022|TI4C|TDTG
5867/TAT/HO/09/2022|TI4C|T2DO
5867/TAT/HO/09/2022|TI4C|TA1I
5867/TAT/HO/09/2022|TI4C|T9QR
5867/TAT/HO/09/2022|TI4C|T2YF
5867/TAT/HO/09/2022|TI4C|F7A2
5867/TAT/HO/09/2022|TI4C|TXXH
5867/TAT/HO/09/2022|TI4C|TOPT
5867/TAT/HO/09/2022|TI4C|TAQ1
5867/TAT/HO/09/2022|TI4C|T0N8
5867/TAT/HO/09/2022|TI4C|FO2L
5867/TAT/HO/09/2022|TI4C|TZ3Q
5867/TAT/HO/09/2022|TI4C|T6W2
5867/TAT/HO/09/2022|TI4C|TP8R
5867/TAT/HO/09/2022|TI4C|TKD7
5867/TAT/HO/09/2022|TI4C|TL29
5867/TAT/HO/09/2022|TI4C|T2WH
5867/TAT/HO/09/2022|TI4C|T8G8
5867/TAT/HO/09/2022|TI4C|TU8P
5867/TAT/HO/09/2022|TI4C|T0NT
5867/TAT/HO/09/2022|TI4C|FXEP
5867/TAT/HO/09/2022|TI4C|T01V
5867/TAT/HO/09/2022|TI4C|TYQG
5867/TAT/HO/09/2022|TI4C|TC6N
5867/TAT/HO/09/2022|TI4C|TN7Z
5867/TAT/HO/09/2022|TI4C|TXNX
5867/TAT/HO/09/2022|TI4C|TCVT
5867/TAT/HO/09/2022|TI4C|TKLT
5867/TAT/HO/09/2022|TI4C|TZL7
5867/TAT/HO/09/2022|TI4C|TWJK
5867/TAT/HO/09/2022|TI4C|T1BE
5867/TAT/HO/09/2022|TI4C|TPVX
5867/TAT/HO/09/2022|TI4C|TPB9
5867/TAT/HO/09/2022|TI4C|T7D1
5867/TAT/HO/09/2022|TI4C|T5CA
5867/TAT/HO/09/2022|TI4C|TGJ1
5867/TAT/HO/09/2022|TI4C|FZON
5867/TAT/HO/09/2022|TI4C|F0QG
5867/TAT/HO/09/2022|TI4C|TNG9
5867/TAT/HO/09/2022|TI4C|FKQE
5867/TAT/HO/09/2022|TI4C|FAOU
5867/TAT/HO/09/2022|TI4C|TSDM
5867/TAT/HO/09/2022|TI4C|FMEX
5867/TAT/HO/09/2022|TI4C|FM93
5867/TAT/HO/09/2022|TI4C|T9NJ
5867/TAT/HO/09/2022|TI4C|TWTN
5867/TAT/HO/09/2022|TI4C|FQC3
5867/TAT/HO/09/2022|TI4C|TXAI
5867/TAT/HO/09/2022|TI4C|T3XJ
5867/TAT/HO/09/2022|TI4C|T5LM
5867/TAT/HO/09/2022|TI4C|TQ2O
5867/TAT/HO/09/2022|TI4C|TAIG
5867/TAT/HO/09/2022|TI4C|TLWS
5867/TAT/HO/09/2022|TI4C|T7QD
5867/TAT/HO/09/2022|TI4C|FPV5
5867/TAT/HO/09/2022|TI4C|TUZ4
5867/TAT/HO/09/2022|TI4C|TG1F
5867/TAT/HO/09/2022|TI4C|TZ3Z
5867/TAT/HO/09/2022|TI4C|F1PF
5867/TAT/HO/09/2022|TI4C|TBDB
5867/TAT/HO/09/2022|TI4C|T9AQ
5867/TAT/HO/09/2022|TI4C|F84E
5867/TAT/HO/09/2022|TI4C|T4DY
5867/TAT/HO/09/2022|TI4C|FNPR
5868/TAT/HO/09/2022|TI4C|F010
5868/TAT/HO/09/2022|TI4C|FKP0
5868/TAT/HO/09/2022|TI4C|F5GE
5868/TAT/HO/09/2022|TI4C|TSUI
5868/TAT/HO/09/2022|TI4C|T1Z1
5868/TAT/HO/09/2022|TI4C|FQ64
5868/TAT/HO/09/2022|TI4C|TCZ1
5868/TAT/HO/09/2022|TI4C|F152
5868/TAT/HO/09/2022|TI4C|TC25
5868/TAT/HO/09/2022|TI4C|T3CQ
5868/TAT/HO/09/2022|TI4C|F193
5868/TAT/HO/09/2022|TI4C|TC42
5868/TAT/HO/09/2022|TI4C|FQEG
5868/TAT/HO/09/2022|TI4C|TC53
5868/TAT/HO/09/2022|TI4C|F237
5868/TAT/HO/09/2022|TI4C|TC56
5868/TAT/HO/09/2022|TI4C|F251
5868/TAT/HO/09/2022|TI4C|F265
5868/TAT/HO/09/2022|TI4C|TC85
5868/TAT/HO/09/2022|TI4C|TNIS
5868/TAT/HO/09/2022|TI4C|F295
5868/TAT/HO/09/2022|TI4C|FB6M
5868/TAT/HO/09/2022|TI4C|F399
5868/TAT/HO/09/2022|TI4C|TBN0
5868/TAT/HO/09/2022|TI4C|F541
5868/TAT/HO/09/2022|TI4C|F556
5868/TAT/HO/09/2022|TI4C|F561
5868/TAT/HO/09/2022|TI4C|F572
5868/TAT/HO/09/2022|TI4C|FORD
5868/TAT/HO/09/2022|TI4C|TGBI
5868/TAT/HO/09/2022|TI4C|R025
5868/TAT/HO/09/2022|TI4C|R029
5868/TAT/HO/09/2022|TI4C|R032
5868/TAT/HO/09/2022|TI4C|R035
5868/TAT/HO/09/2022|TI4C|R042
5868/TAT/HO/09/2022|TI4C|R051
5868/TAT/HO/09/2022|TI4C|TNTG
5868/TAT/HO/09/2022|TI4C|T001
5868/TAT/HO/09/2022|TI4C|T003
5868/TAT/HO/09/2022|TI4C|T011
5868/TAT/HO/09/2022|TI4C|TCML
5868/TAT/HO/09/2022|TI4C|T023
5868/TAT/HO/09/2022|TI4C|T037
5868/TAT/HO/09/2022|TI4C|T046
5868/TAT/HO/09/2022|TI4C|T1KU
5868/TAT/HO/09/2022|TI4C|T116
5868/TAT/HO/09/2022|TI4C|T129
5868/TAT/HO/09/2022|TI4C|T190
5868/TAT/HO/09/2022|TI4C|T211
5868/TAT/HO/09/2022|TI4C|T220
5868/TAT/HO/09/2022|TI4C|T226
5868/TAT/HO/09/2022|TI4C|T242
5868/TAT/HO/09/2022|TI4C|T278
5868/TAT/HO/09/2022|TI4C|T511
5868/TAT/HO/09/2022|TI4C|T4IA
5868/TAT/HO/09/2022|TI4C|F31U
5868/TAT/HO/09/2022|TI4C|T768
5868/TAT/HO/09/2022|TI4C|TGLS
5868/TAT/HO/09/2022|TI4C|T956
5868/TAT/HO/09/2022|TI4C|T959
5868/TAT/HO/09/2022|TI4C|T9SG
5868/TAT/HO/09/2022|TI4C|T971
5868/TAT/HO/09/2022|TI4C|T981
5868/TAT/HO/09/2022|TI4C|T985
5868/TAT/HO/09/2022|TI4C|TFQB
5868/TAT/HO/09/2022|TI4C|TAAL
5868/TAT/HO/09/2022|TI4C|FL28
5868/TAT/HO/09/2022|TI4C|TJ01
5868/TAT/HO/09/2022|TI4C|TP01
5868/TAT/HO/09/2022|TI4C|TALA
5868/TAT/HO/09/2022|TI4C|TB98
5868/TAT/HO/09/2022|TI4C|F715
5868/TAT/HO/09/2022|TI4C|F724
5868/TAT/HO/09/2022|TI4C|F233
5868/TAT/HO/09/2022|TI4C|TUGZ
5868/TAT/HO/09/2022|TI4C|F763
5868/TAT/HO/09/2022|TI4C|TV6J
5868/TAT/HO/09/2022|TI4C|F799
5868/TAT/HO/09/2022|TI4C|F800
5868/TAT/HO/09/2022|TI4C|TLDB
5868/TAT/HO/09/2022|TI4C|T8MS
5868/TAT/HO/09/2022|TI4C|TR80
5868/TAT/HO/09/2022|TI4C|TC07
5868/TAT/HO/09/2022|TI4C|TC08
5868/TAT/HO/09/2022|TI4C|F37L
5868/TAT/HO/09/2022|TI4C|TAV9
5868/TAT/HO/09/2022|TI4C|TC11
5868/TAT/HO/09/2022|TI4C|TC17
5868/TAT/HO/09/2022|TI4C|TC26
5868/TAT/HO/09/2022|TI4C|TC28
5868/TAT/HO/09/2022|TI4C|TC32
5868/TAT/HO/09/2022|TI4C|TORT
5868/TAT/HO/09/2022|TI4C|TTNG
5868/TAT/HO/09/2022|TI4C|TQ1C
5868/TAT/HO/09/2022|TI4C|TC35
5868/TAT/HO/09/2022|TI4C|TC36
5868/TAT/HO/09/2022|TI4C|TC39
5868/TAT/HO/09/2022|TI4C|FL12
5868/TAT/HO/09/2022|TI4C|TC50
5868/TAT/HO/09/2022|TI4C|TC57
5868/TAT/HO/09/2022|TI4C|TC59
5868/TAT/HO/09/2022|TI4C|TC60
5868/TAT/HO/09/2022|TI4C|TC63
5868/TAT/HO/09/2022|TI4C|TC71
5868/TAT/HO/09/2022|TI4C|TC73
5868/TAT/HO/09/2022|TI4C|F87L
5868/TAT/HO/09/2022|TI4C|TC77
5868/TAT/HO/09/2022|TI4C|F75L
5868/TAT/HO/09/2022|TI4C|F18U
5868/TAT/HO/09/2022|TI4C|TC87
5868/TAT/HO/09/2022|TI4C|TC94
5868/TAT/HO/09/2022|TI4C|R087
5868/TAT/HO/09/2022|TI4C|TC97
5868/TAT/HO/09/2022|TI4C|F77A
5868/TAT/HO/09/2022|TI4C|F87A
5868/TAT/HO/09/2022|TI4C|TU0U
5868/TAT/HO/09/2022|TI4C|T0C4
5868/TAT/HO/09/2022|TI4C|T06C
5868/TAT/HO/09/2022|TI4C|T11C
5868/TAT/HO/09/2022|TI4C|T98C
5868/TAT/HO/09/2022|TI4C|TPT2
5868/TAT/HO/09/2022|TI4C|TPA9
5868/TAT/HO/09/2022|TI4C|FE26
5868/TAT/HO/09/2022|TI4C|FE27
5868/TAT/HO/09/2022|TI4C|TK02
5868/TAT/HO/09/2022|TI4C|TK04
5868/TAT/HO/09/2022|TI4C|TK05
5868/TAT/HO/09/2022|TI4C|T02K
5868/TAT/HO/09/2022|TI4C|TK00
5868/TAT/HO/09/2022|TI4C|TA3P
5868/TAT/HO/09/2022|TI4C|TFVH
5868/TAT/HO/09/2022|TI4C|T15K
5868/TAT/HO/09/2022|TI4C|T17K
5868/TAT/HO/09/2022|TI4C|T18K
5868/TAT/HO/09/2022|TI4C|T26K
5868/TAT/HO/09/2022|TI4C|T27K
5868/TAT/HO/09/2022|TI4C|T28K
5868/TAT/HO/09/2022|TI4C|T37K
5868/TAT/HO/09/2022|TI4C|T38K
5868/TAT/HO/09/2022|TI4C|TE5C
5868/TAT/HO/09/2022|TI4C|R104
5868/TAT/HO/09/2022|TI4C|TE9C
5868/TAT/HO/09/2022|TI4C|TWDS
5868/TAT/HO/09/2022|TI4C|T54K
5868/TAT/HO/09/2022|TI4C|THC0
5868/TAT/HO/09/2022|TI4C|FT56
5868/TAT/HO/09/2022|TI4C|THC1
5868/TAT/HO/09/2022|TI4C|THC2
5868/TAT/HO/09/2022|TI4C|T67K
5868/TAT/HO/09/2022|TI4C|TB07
5868/TAT/HO/09/2022|TI4C|FT18
5868/TAT/HO/09/2022|TI4C|TB28
5868/TAT/HO/09/2022|TI4C|TB29
5868/TAT/HO/09/2022|TI4C|TB49
5868/TAT/HO/09/2022|TI4C|TTSL
5868/TAT/HO/09/2022|TI4C|TB52
5868/TAT/HO/09/2022|TI4C|TB55
5868/TAT/HO/09/2022|TI4C|TB69
5868/TAT/HO/09/2022|TI4C|TB70
5868/TAT/HO/09/2022|TI4C|TB71
5868/TAT/HO/09/2022|TI4C|TQ03
5868/TAT/HO/09/2022|TI4C|TSCT
5868/TAT/HO/09/2022|TI4C|T01B
5868/TAT/HO/09/2022|TI4C|T02B
5868/TAT/HO/09/2022|TI4C|TG26
5868/TAT/HO/09/2022|TI4C|T06B
5868/TAT/HO/09/2022|TI4C|T08B
5868/TAT/HO/09/2022|TI4C|T09B
5868/TAT/HO/09/2022|TI4C|FV73
5868/TAT/HO/09/2022|TI4C|TXK1
5868/TAT/HO/09/2022|TI4C|T13B
5868/TAT/HO/09/2022|TI4C|T15B
5868/TAT/HO/09/2022|TI4C|T16B
5868/TAT/HO/09/2022|TI4C|T18B
5868/TAT/HO/09/2022|TI4C|T19B
5868/TAT/HO/09/2022|TI4C|T21B
5868/TAT/HO/09/2022|TI4C|T24B
5868/TAT/HO/09/2022|TI4C|T51G
5868/TAT/HO/09/2022|TI4C|T53G
5868/TAT/HO/09/2022|TI4C|T53B
5868/TAT/HO/09/2022|TI4C|T58B
5868/TAT/HO/09/2022|TI4C|T59B
5868/TAT/HO/09/2022|TI4C|T60B
5868/TAT/HO/09/2022|TI4C|T61B
5868/TAT/HO/09/2022|TI4C|FD43
5868/TAT/HO/09/2022|TI4C|T84B
5868/TAT/HO/09/2022|TI4C|T94B
5868/TAT/HO/09/2022|TI4C|T04D
5868/TAT/HO/09/2022|TI4C|T09D
5868/TAT/HO/09/2022|TI4C|T10D
5868/TAT/HO/09/2022|TI4C|FD81
5868/TAT/HO/09/2022|TI4C|TRQ7
5868/TAT/HO/09/2022|TI4C|TRQ8
5868/TAT/HO/09/2022|TI4C|T29D
5868/TAT/HO/09/2022|TI4C|T30D
5868/TAT/HO/09/2022|TI4C|TRV0
5868/TAT/HO/09/2022|TI4C|T52D
5868/TAT/HO/09/2022|TI4C|T69D
5868/TAT/HO/09/2022|TI4C|T77D
5868/TAT/HO/09/2022|TI4C|T78D
5868/TAT/HO/09/2022|TI4C|T79D
5868/TAT/HO/09/2022|TI4C|T84D
5868/TAT/HO/09/2022|TI4C|T96D
5868/TAT/HO/09/2022|TI4C|T97D
5868/TAT/HO/09/2022|TI4C|T12Q
5868/TAT/HO/09/2022|TI4C|T13Q
5868/TAT/HO/09/2022|TI4C|T15Q
5868/TAT/HO/09/2022|TI4C|T21Q
5868/TAT/HO/09/2022|TI4C|T51Q
5868/TAT/HO/09/2022|TI4C|T85Q
5868/TAT/HO/09/2022|TI4C|T92Q
5868/TAT/HO/09/2022|TI4C|T93Q
5868/TAT/HO/09/2022|TI4C|T94Q
5868/TAT/HO/09/2022|TI4C|T99K
5868/TAT/HO/09/2022|TI4C|FQ82
5868/TAT/HO/09/2022|TI4C|FQ84
5868/TAT/HO/09/2022|TI4C|TK29
5868/TAT/HO/09/2022|TI4C|FD4Z
5868/TAT/HO/09/2022|TI4C|TL79
5868/TAT/HO/09/2022|TI4C|TR36
5868/TAT/HO/09/2022|TI4C|TR50
5868/TAT/HO/09/2022|TI4C|TR59
5868/TAT/HO/09/2022|TI4C|TR96
5868/TAT/HO/09/2022|TI4C|TS86
5868/TAT/HO/09/2022|TI4C|F6WD
5868/TAT/HO/09/2022|TI4C|TS90
5868/TAT/HO/09/2022|TI4C|TS96
5868/TAT/HO/09/2022|TI4C|T48T
5868/TAT/HO/09/2022|TI4C|T51T
5868/TAT/HO/09/2022|TI4C|T52T
5868/TAT/HO/09/2022|TI4C|T63T
5868/TAT/HO/09/2022|TI4C|T77T
5868/TAT/HO/09/2022|TI4C|T83T
5868/TAT/HO/09/2022|TI4C|F96Q
5868/TAT/HO/09/2022|TI4C|TWM3
5868/TAT/HO/09/2022|TI4C|TT90
5868/TAT/HO/09/2022|TI4C|T36G
5868/TAT/HO/09/2022|TI4C|T00O
5868/TAT/HO/09/2022|TI4C|TE2F
5868/TAT/HO/09/2022|TI4C|FA44
5868/TAT/HO/09/2022|TI4C|T2RO
5868/TAT/HO/09/2022|TI4C|TT1U
5868/TAT/HO/09/2022|TI4C|TJ7X
5868/TAT/HO/09/2022|TI4C|TL3I
5868/TAT/HO/09/2022|TI4C|TYRO
5868/TAT/HO/09/2022|TI4C|TTZP
5868/TAT/HO/09/2022|TI4C|TASC
5868/TAT/HO/09/2022|TI4C|TX9Z
5868/TAT/HO/09/2022|TI4C|TM8Y
5868/TAT/HO/09/2022|TI4C|TPTN
5868/TAT/HO/09/2022|TI4C|TGG0
5868/TAT/HO/09/2022|TI4C|T03W
5868/TAT/HO/09/2022|TI4C|TUP7
5868/TAT/HO/09/2022|TI4C|TLO9
5868/TAT/HO/09/2022|TI4C|FKZ4
5868/TAT/HO/09/2022|TI4C|TA8N
5868/TAT/HO/09/2022|TI4C|FEMX
5868/TAT/HO/09/2022|TI4C|TY9P
5868/TAT/HO/09/2022|TI4C|TLSA
5868/TAT/HO/09/2022|TI4C|T3BN
5868/TAT/HO/09/2022|TI4C|T305
5868/TAT/HO/09/2022|TI4C|F9J6
5868/TAT/HO/09/2022|TI4C|TS1S
5868/TAT/HO/09/2022|TI4C|TJKC
5868/TAT/HO/09/2022|TI4C|TWLY
5868/TAT/HO/09/2022|TI4C|TWXJ
5868/TAT/HO/09/2022|TI4C|RBO7
5868/TAT/HO/09/2022|TI4C|TXD6
5868/TAT/HO/09/2022|TI4C|TBOL
5868/TAT/HO/09/2022|TI4C|TE5J
5868/TAT/HO/09/2022|TI4C|TAMC
5868/TAT/HO/09/2022|TI4C|TAS3
5868/TAT/HO/09/2022|TI4C|T6EB
5868/TAT/HO/09/2022|TI4C|T7IP
5868/TAT/HO/09/2022|TI4C|TGRR
5868/TAT/HO/09/2022|TI4C|TJLJ
5868/TAT/HO/09/2022|TI4C|TGUG
5868/TAT/HO/09/2022|TI4C|TO73
5868/TAT/HO/09/2022|TI4C|FUYU
5868/TAT/HO/09/2022|TI4C|T8ND
5868/TAT/HO/09/2022|TI4C|TEG3
5868/TAT/HO/09/2022|TI4C|TOTA
5868/TAT/HO/09/2022|TI4C|TOLA
5868/TAT/HO/09/2022|TI4C|TOPS
5868/TAT/HO/09/2022|TI4C|F4UR
5868/TAT/HO/09/2022|TI4C|FIBO
5868/TAT/HO/09/2022|TI4C|TGAL
5868/TAT/HO/09/2022|TI4C|TALE
5868/TAT/HO/09/2022|TI4C|TAPE
5868/TAT/HO/09/2022|TI4C|T4RI
5868/TAT/HO/09/2022|TI4C|F4DC
5868/TAT/HO/09/2022|TI4C|TEBI
5868/TAT/HO/09/2022|TI4C|T2T2
5868/TAT/HO/09/2022|TI4C|TADT
5868/TAT/HO/09/2022|TI4C|FTTM
5868/TAT/HO/09/2022|TI4C|T4BU
5868/TAT/HO/09/2022|TI4C|TM5D
5868/TAT/HO/09/2022|TI4C|TTP7
5868/TAT/HO/09/2022|TI4C|F2AC
5868/TAT/HO/09/2022|TI4C|TTR1
5868/TAT/HO/09/2022|TI4C|TNDU
5868/TAT/HO/09/2022|TI4C|TNRB
5868/TAT/HO/09/2022|TI4C|TZUT
5868/TAT/HO/09/2022|TI4C|FEZE
5868/TAT/HO/09/2022|TI4C|FEND
5868/TAT/HO/09/2022|TI4C|T4AO
5868/TAT/HO/09/2022|TI4C|FUDF
5868/TAT/HO/09/2022|TI4C|F3GY
5868/TAT/HO/09/2022|TI4C|FTHN
5868/TAT/HO/09/2022|TI4C|T0Q7
5868/TAT/HO/09/2022|TI4C|TJN2
5868/TAT/HO/09/2022|TI4C|TOTU
5868/TAT/HO/09/2022|TI4C|TJIN
5868/TAT/HO/09/2022|TI4C|T8T9
5868/TAT/HO/09/2022|TI4C|TYMY
5868/TAT/HO/09/2022|TI4C|T4RG
5868/TAT/HO/09/2022|TI4C|THT1
5868/TAT/HO/09/2022|TI4C|TKLG
5868/TAT/HO/09/2022|TI4C|TEMP
5868/TAT/HO/09/2022|TI4C|TKAK
5868/TAT/HO/09/2022|TI4C|T89M
5868/TAT/HO/09/2022|TI4C|T31W
5868/TAT/HO/09/2022|TI4C|TSB6
5868/TAT/HO/09/2022|TI4C|TAUP
5868/TAT/HO/09/2022|TI4C|FRSI
5868/TAT/HO/09/2022|TI4C|T7XU
5868/TAT/HO/09/2022|TI4C|T4S6
5868/TAT/HO/09/2022|TI4C|TNE4
5868/TAT/HO/09/2022|TI4C|T3JU
5868/TAT/HO/09/2022|TI4C|T6MQ
5868/TAT/HO/09/2022|TI4C|FMYW
5868/TAT/HO/09/2022|TI4C|TB7X
5868/TAT/HO/09/2022|TI4C|TO4K
5868/TAT/HO/09/2022|TI4C|T8GS
5868/TAT/HO/09/2022|TI4C|TO7B
5868/TAT/HO/09/2022|TI4C|TC7S
5868/TAT/HO/09/2022|TI4C|TRFN
5868/TAT/HO/09/2022|TI4C|TQ8D
5868/TAT/HO/09/2022|TI4C|TNZ1
5868/TAT/HO/09/2022|TI4C|TUNB
5868/TAT/HO/09/2022|TI4C|TPML
5868/TAT/HO/09/2022|TI4C|TU6S
5868/TAT/HO/09/2022|TI4C|T5T3
5868/TAT/HO/09/2022|TI4C|T5R6
5868/TAT/HO/09/2022|TI4C|TQPO
5868/TAT/HO/09/2022|TI4C|TCRN
5868/TAT/HO/09/2022|TI4C|TCMJ
5868/TAT/HO/09/2022|TI4C|TP0K
5868/TAT/HO/09/2022|TI4C|TAP5
5868/TAT/HO/09/2022|TI4C|TBOI
5868/TAT/HO/09/2022|TI4C|TBSA
5868/TAT/HO/09/2022|TI4C|T5LG
5868/TAT/HO/09/2022|TI4C|FNZY
5868/TAT/HO/09/2022|TI4C|TMXK
5868/TAT/HO/09/2022|TI4C|TP7F
5868/TAT/HO/09/2022|TI4C|FLY0
5868/TAT/HO/09/2022|TI4C|TITB
5868/TAT/HO/09/2022|TI4C|TWN1
5868/TAT/HO/09/2022|TI4C|TXR0
5868/TAT/HO/09/2022|TI4C|TK2S
5868/TAT/HO/09/2022|TI4C|TDEN
5868/TAT/HO/09/2022|TI4C|FEIE
5868/TAT/HO/09/2022|TI4C|TKQP
5868/TAT/HO/09/2022|TI4C|FOEY
5868/TAT/HO/09/2022|TI4C|FN54
5868/TAT/HO/09/2022|TI4C|TSYK
5868/TAT/HO/09/2022|TI4C|TFOO
5868/TAT/HO/09/2022|TI4C|T8OM
5868/TAT/HO/09/2022|TI4C|T9IR
5868/TAT/HO/09/2022|TI4C|TSLT
5868/TAT/HO/09/2022|TI4C|TO1A
5868/TAT/HO/09/2022|TI4C|TRV9
5868/TAT/HO/09/2022|TI4C|TT1G
5868/TAT/HO/09/2022|TI4C|T2Z0
5868/TAT/HO/09/2022|TI4C|TOPY
5868/TAT/HO/09/2022|TI4C|TCUO
5868/TAT/HO/09/2022|TI4C|TJJU
5868/TAT/HO/09/2022|TI4C|T71P
5868/TAT/HO/09/2022|TI4C|FZXM
5868/TAT/HO/09/2022|TI4C|TO07
5868/TAT/HO/09/2022|TI4C|FBFX
5868/TAT/HO/09/2022|TI4C|T4AK
5868/TAT/HO/09/2022|TI4C|TGV7
5868/TAT/HO/09/2022|TI4C|TU0I
5868/TAT/HO/09/2022|TI4C|TR0C
5868/TAT/HO/09/2022|TI4C|TP3L
5868/TAT/HO/09/2022|TI4C|T94S
5868/TAT/HO/09/2022|TI4C|TK0Z
5868/TAT/HO/09/2022|TI4C|T6ZO
5868/TAT/HO/09/2022|TI4C|T6YZ
5868/TAT/HO/09/2022|TI4C|TGEY
5868/TAT/HO/09/2022|TI4C|T5WI
5868/TAT/HO/09/2022|TI4C|TITX
5868/TAT/HO/09/2022|TI4C|TUNC
5868/TAT/HO/09/2022|TI4C|F86T
5868/TAT/HO/09/2022|TI4C|FRJ0
5868/TAT/HO/09/2022|TI4C|T8B7
5868/TAT/HO/09/2022|TI4C|FYSM
5868/TAT/HO/09/2022|TI4C|TZGC
5868/TAT/HO/09/2022|TI4C|T6YY
5868/TAT/HO/09/2022|TI4C|TWKM
5868/TAT/HO/09/2022|TI4C|T8E8
5868/TAT/HO/09/2022|TI4C|TR0X
5868/TAT/HO/09/2022|TI4C|TC1N
5868/TAT/HO/09/2022|TI4C|TRMR
5868/TAT/HO/09/2022|TI4C|TIMP
5868/TAT/HO/09/2022|TI4C|FHMH
5868/TAT/HO/09/2022|TI4C|T0D9
5868/TAT/HO/09/2022|TI4C|FUFF
5868/TAT/HO/09/2022|TI4C|FU16
5868/TAT/HO/09/2022|TI4C|TI61
5868/TAT/HO/09/2022|TI4C|FLIX
5868/TAT/HO/09/2022|TI4C|T39N
5868/TAT/HO/09/2022|TI4C|TN4C
5868/TAT/HO/09/2022|TI4C|TKU7
5868/TAT/HO/09/2022|TI4C|TBBC
5868/TAT/HO/09/2022|TI4C|T2Y2
5868/TAT/HO/09/2022|TI4C|TYCB
5868/TAT/HO/09/2022|TI4C|TA8F
5868/TAT/HO/09/2022|TI4C|TNWV
5868/TAT/HO/09/2022|TI4C|TT3K
5868/TAT/HO/09/2022|TI4C|TOKX
5868/TAT/HO/09/2022|TI4C|FQW9
5868/TAT/HO/09/2022|TI4C|T7E6
5868/TAT/HO/09/2022|TI4C|TM3V
5868/TAT/HO/09/2022|TI4C|TME3
5868/TAT/HO/09/2022|TI4C|TTXG
5868/TAT/HO/09/2022|TI4C|T1BP
5868/TAT/HO/09/2022|TI4C|TEYA
5868/TAT/HO/09/2022|TI4C|TG0F
5868/TAT/HO/09/2022|TI4C|TANE
5868/TAT/HO/09/2022|TI4C|TNER
5868/TAT/HO/09/2022|TI4C|TAPP
5868/TAT/HO/09/2022|TI4C|TT2D
5868/TAT/HO/09/2022|TI4C|TBPW
5868/TAT/HO/09/2022|TI4C|TUX2
5868/TAT/HO/09/2022|TI4C|TK1U
5868/TAT/HO/09/2022|TI4C|TSUG
5868/TAT/HO/09/2022|TI4C|F4O3
5868/TAT/HO/09/2022|TI4C|TAYI
5868/TAT/HO/09/2022|TI4C|TEYU
5868/TAT/HO/09/2022|TI4C|T72O
5868/TAT/HO/09/2022|TI4C|TMDS
5868/TAT/HO/09/2022|TI4C|TEHO
5868/TAT/HO/09/2022|TI4C|TDUB
5868/TAT/HO/09/2022|TI4C|T14Y
5868/TAT/HO/09/2022|TI4C|TJKT
5868/TAT/HO/09/2022|TI4C|T6GD
5868/TAT/HO/09/2022|TI4C|TRR6
5868/TAT/HO/09/2022|TI4C|TUCY
5868/TAT/HO/09/2022|TI4C|TCD7
5868/TAT/HO/09/2022|TI4C|T7EK
5868/TAT/HO/09/2022|TI4C|TK9F
5868/TAT/HO/09/2022|TI4C|TCFG
5868/TAT/HO/09/2022|TI4C|T0GO
5868/TAT/HO/09/2022|TI4C|TTDQ
5868/TAT/HO/09/2022|TI4C|TRZA
5868/TAT/HO/09/2022|TI4C|T2NL
5868/TAT/HO/09/2022|TI4C|TI1A
5868/TAT/HO/09/2022|TI4C|TUW1
5868/TAT/HO/09/2022|TI4C|TUBH
5868/TAT/HO/09/2022|TI4C|TN86
5868/TAT/HO/09/2022|TI4C|FAY2
5868/TAT/HO/09/2022|TI4C|TJC5
5868/TAT/HO/09/2022|TI4C|TVC7
5868/TAT/HO/09/2022|TI4C|T1WM
5868/TAT/HO/09/2022|TI4C|TTIV
5868/TAT/HO/09/2022|TI4C|TKCK
5868/TAT/HO/09/2022|TI4C|TABX
5868/TAT/HO/09/2022|TI4C|T8MF
5868/TAT/HO/09/2022|TI4C|TDPU
5868/TAT/HO/09/2022|TI4C|TTP8
5868/TAT/HO/09/2022|TI4C|TXM0
5868/TAT/HO/09/2022|TI4C|T9W2
5868/TAT/HO/09/2022|TI4C|TN9E
5868/TAT/HO/09/2022|TI4C|FJ01
5868/TAT/HO/09/2022|TI4C|TW1R
5868/TAT/HO/09/2022|TI4C|T94H
5868/TAT/HO/09/2022|TI4C|TDF9
5868/TAT/HO/09/2022|TI4C|T099
5868/TAT/HO/09/2022|TI4C|T66A
5868/TAT/HO/09/2022|TI4C|TA2S
5868/TAT/HO/09/2022|TI4C|TKTC
5868/TAT/HO/09/2022|TI4C|TVTJ
5868/TAT/HO/09/2022|TI4C|TD2R
5868/TAT/HO/09/2022|TI4C|T018
5868/TAT/HO/09/2022|TI4C|TX9C
5868/TAT/HO/09/2022|TI4C|TVH5
5868/TAT/HO/09/2022|TI4C|THOQ
5868/TAT/HO/09/2022|TI4C|TLUJ
5868/TAT/HO/09/2022|TI4C|TSHY
5868/TAT/HO/09/2022|TI4C|T8RR
5868/TAT/HO/09/2022|TI4C|T9LS
5868/TAT/HO/09/2022|TI4C|TU8U
5868/TAT/HO/09/2022|TI4C|TVVL
5868/TAT/HO/09/2022|TI4C|T6ON
5868/TAT/HO/09/2022|TI4C|T0QC
5868/TAT/HO/09/2022|TI4C|F8IN
5868/TAT/HO/09/2022|TI4C|T6IT
5868/TAT/HO/09/2022|TI4C|TSKM
5868/TAT/HO/09/2022|TI4C|TUK3
5868/TAT/HO/09/2022|TI4C|TJM6
5868/TAT/HO/09/2022|TI4C|TWKT
5868/TAT/HO/09/2022|TI4C|TAWE
5868/TAT/HO/09/2022|TI4C|TDR6
5868/TAT/HO/09/2022|TI4C|TSUZ
5868/TAT/HO/09/2022|TI4C|TA1R
5868/TAT/HO/09/2022|TI4C|FRE4
5868/TAT/HO/09/2022|TI4C|TIL2
5868/TAT/HO/09/2022|TI4C|TH1Z
5868/TAT/HO/09/2022|TI4C|TOW0
5868/TAT/HO/09/2022|TI4C|FBRA
5868/TAT/HO/09/2022|TI4C|TJRT
5868/TAT/HO/09/2022|TI4C|TF7W
5868/TAT/HO/09/2022|TI4C|TXOJ
5868/TAT/HO/09/2022|TI4C|TONF
5868/TAT/HO/09/2022|TI4C|FJP1
5868/TAT/HO/09/2022|TI4C|FH8A
5868/TAT/HO/09/2022|TI4C|TLVY
5868/TAT/HO/09/2022|TI4C|T54P
5868/TAT/HO/09/2022|TI4C|T8IC
5868/TAT/HO/09/2022|TI4C|T5GV
5868/TAT/HO/09/2022|TI4C|T8QS
5868/TAT/HO/09/2022|TI4C|TPS9
5868/TAT/HO/09/2022|TI4C|TIRU
5868/TAT/HO/09/2022|TI4C|TIAZ
5868/TAT/HO/09/2022|TI4C|TEQI
5868/TAT/HO/09/2022|TI4C|TL9S
5868/TAT/HO/09/2022|TI4C|TCIU
5868/TAT/HO/09/2022|TI4C|FTNT
5868/TAT/HO/09/2022|TI4C|T5PE
5868/TAT/HO/09/2022|TI4C|TTUU
5868/TAT/HO/09/2022|TI4C|T80O
5868/TAT/HO/09/2022|TI4C|T12M
5868/TAT/HO/09/2022|TI4C|FR0R
5868/TAT/HO/09/2022|TI4C|FCDM
5868/TAT/HO/09/2022|TI4C|TQRC
5868/TAT/HO/09/2022|TI4C|TFSV
5868/TAT/HO/09/2022|TI4C|TXQL
5868/TAT/HO/09/2022|TI4C|TK1R
5868/TAT/HO/09/2022|TI4C|TAPQ
5868/TAT/HO/09/2022|TI4C|TS8Q
5868/TAT/HO/09/2022|TI4C|TS3N
5868/TAT/HO/09/2022|TI4C|TQS4
5868/TAT/HO/09/2022|TI4C|TGCU
5868/TAT/HO/09/2022|TI4C|F2RP
5868/TAT/HO/09/2022|TI4C|TTML
5868/TAT/HO/09/2022|TI4C|T6NJ
5868/TAT/HO/09/2022|TI4C|TIUU
5868/TAT/HO/09/2022|TI4C|TNMO
5868/TAT/HO/09/2022|TI4C|T3P1
5868/TAT/HO/09/2022|TI4C|TA1U
5868/TAT/HO/09/2022|TI4C|TT5Y
5868/TAT/HO/09/2022|TI4C|FEZ4
5868/TAT/HO/09/2022|TI4C|THHN
5868/TAT/HO/09/2022|TI4C|TWAE
5868/TAT/HO/09/2022|TI4C|TDOB
5868/TAT/HO/09/2022|TI4C|TR0N
5868/TAT/HO/09/2022|TI4C|TYY6
5868/TAT/HO/09/2022|TI4C|TNLK
5868/TAT/HO/09/2022|TI4C|TALS
5868/TAT/HO/09/2022|TI4C|TCS9
5868/TAT/HO/09/2022|TI4C|TLMI
5868/TAT/HO/09/2022|TI4C|T8KB
5868/TAT/HO/09/2022|TI4C|F66V
5868/TAT/HO/09/2022|TI4C|TINN
5868/TAT/HO/09/2022|TI4C|FAR6
5868/TAT/HO/09/2022|TI4C|THGP
5868/TAT/HO/09/2022|TI4C|FCS6
5868/TAT/HO/09/2022|TI4C|TTWU
5868/TAT/HO/09/2022|TI4C|T9KL
5868/TAT/HO/09/2022|TI4C|TPT7
5868/TAT/HO/09/2022|TI4C|TQQM
5868/TAT/HO/09/2022|TI4C|T8CO
5868/TAT/HO/09/2022|TI4C|TEVD
5868/TAT/HO/09/2022|TI4C|T5J3
5868/TAT/HO/09/2022|TI4C|TA5N
5868/TAT/HO/09/2022|TI4C|TA9P
5868/TAT/HO/09/2022|TI4C|TENT
5868/TAT/HO/09/2022|TI4C|T1Y3
5868/TAT/HO/09/2022|TI4C|TVNQ
5868/TAT/HO/09/2022|TI4C|TH3W
5868/TAT/HO/09/2022|TI4C|THI6
5868/TAT/HO/09/2022|TI4C|TT2K
5868/TAT/HO/09/2022|TI4C|TD4Y
5868/TAT/HO/09/2022|TI4C|TM68
5868/TAT/HO/09/2022|TI4C|T62R
5868/TAT/HO/09/2022|TI4C|FH69
5868/TAT/HO/09/2022|TI4C|TB3Q
5868/TAT/HO/09/2022|TI4C|TN0W
5868/TAT/HO/09/2022|TI4C|TK2R
5868/TAT/HO/09/2022|TI4C|TTAP
5868/TAT/HO/09/2022|TI4C|TT9E
5868/TAT/HO/09/2022|TI4C|TP8L
5868/TAT/HO/09/2022|TI4C|T4VN
5868/TAT/HO/09/2022|TI4C|T65C
5868/TAT/HO/09/2022|TI4C|TZGZ
5868/TAT/HO/09/2022|TI4C|TLJ2
5868/TAT/HO/09/2022|TI4C|TFPC
5868/TAT/HO/09/2022|TI4C|T8RY
5868/TAT/HO/09/2022|TI4C|TXRS
5868/TAT/HO/09/2022|TI4C|TLSJ
5868/TAT/HO/09/2022|TI4C|TNUN
5868/TAT/HO/09/2022|TI4C|T1RV
5868/TAT/HO/09/2022|TI4C|T9EW
5868/TAT/HO/09/2022|TI4C|TELA
5868/TAT/HO/09/2022|TI4C|TUQZ
5868/TAT/HO/09/2022|TI4C|TCLQ
5868/TAT/HO/09/2022|TI4C|TSDR
5868/TAT/HO/09/2022|TI4C|T1GN
5868/TAT/HO/09/2022|TI4C|T30I
5868/TAT/HO/09/2022|TI4C|
5868/TAT/HO/09/2022|TI4C|T594
5868/TAT/HO/09/2022|TI4C|TL6P
5868/TAT/HO/09/2022|TI4C|T2LU
5868/TAT/HO/09/2022|TI4C|TY4K
5868/TAT/HO/09/2022|TI4C|FUQI
5868/TAT/HO/09/2022|TI4C|T5KO
5868/TAT/HO/09/2022|TI4C|TRIY
5868/TAT/HO/09/2022|TI4C|TEAT
5868/TAT/HO/09/2022|TI4C|TMPX
5868/TAT/HO/09/2022|TI4C|TOLE
5868/TAT/HO/09/2022|TI4C|T0MY
5868/TAT/HO/09/2022|TI4C|FUUD
5868/TAT/HO/09/2022|TI4C|FUUZ
5868/TAT/HO/09/2022|TI4C|TJPO
5868/TAT/HO/09/2022|TI4C|T98I
5868/TAT/HO/09/2022|TI4C|TTEQ
5868/TAT/HO/09/2022|TI4C|FFDQ
5868/TAT/HO/09/2022|TI4C|TMBT
5868/TAT/HO/09/2022|TI4C|TML2
5868/TAT/HO/09/2022|TI4C|T170
5868/TAT/HO/09/2022|TI4C|TEDC
5868/TAT/HO/09/2022|TI4C|FTMD
5868/TAT/HO/09/2022|TI4C|TMLV
5868/TAT/HO/09/2022|TI4C|T42P
5868/TAT/HO/09/2022|TI4C|F21S
5868/TAT/HO/09/2022|TI4C|TKU2
5868/TAT/HO/09/2022|TI4C|TIRP
5868/TAT/HO/09/2022|TI4C|TMOF
5868/TAT/HO/09/2022|TI4C|TLQP
5868/TAT/HO/09/2022|TI4C|TU5K
5868/TAT/HO/09/2022|TI4C|FBOO
5868/TAT/HO/09/2022|TI4C|TJXO
5868/TAT/HO/09/2022|TI4C|TL0T
5868/TAT/HO/09/2022|TI4C|TDKX
5868/TAT/HO/09/2022|TI4C|TKPH
5868/TAT/HO/09/2022|TI4C|TTPB
5868/TAT/HO/09/2022|TI4C|FBLA
5868/TAT/HO/09/2022|TI4C|TLRF
5868/TAT/HO/09/2022|TI4C|TTMJ
5868/TAT/HO/09/2022|TI4C|TSJJ
5868/TAT/HO/09/2022|TI4C|TM2S
5868/TAT/HO/09/2022|TI4C|TBUF
5868/TAT/HO/09/2022|TI4C|TZT9
5868/TAT/HO/09/2022|TI4C|T800
5868/TAT/HO/09/2022|TI4C|TJHH
5868/TAT/HO/09/2022|TI4C|TO37
5868/TAT/HO/09/2022|TI4C|T8RU
5868/TAT/HO/09/2022|TI4C|T9NH
5868/TAT/HO/09/2022|TI4C|T2CQ
5868/TAT/HO/09/2022|TI4C|TTSH
5868/TAT/HO/09/2022|TI4C|TGNS
5868/TAT/HO/09/2022|TI4C|TF5V
5868/TAT/HO/09/2022|TI4C|TOMR
5868/TAT/HO/09/2022|TI4C|TY0F
5868/TAT/HO/09/2022|TI4C|TUHG
5868/TAT/HO/09/2022|TI4C|FODP
5868/TAT/HO/09/2022|TI4C|TNZQ
5868/TAT/HO/09/2022|TI4C|FH16
5868/TAT/HO/09/2022|TI4C|T8ZQ
5868/TAT/HO/09/2022|TI4C|TDTG
5868/TAT/HO/09/2022|TI4C|T2DO
5868/TAT/HO/09/2022|TI4C|TA1I
5868/TAT/HO/09/2022|TI4C|T9QR
5868/TAT/HO/09/2022|TI4C|T2YF
5868/TAT/HO/09/2022|TI4C|F7A2
5868/TAT/HO/09/2022|TI4C|TXXH
5868/TAT/HO/09/2022|TI4C|TOPT
5868/TAT/HO/09/2022|TI4C|TAQ1
5868/TAT/HO/09/2022|TI4C|T0N8
5868/TAT/HO/09/2022|TI4C|FO2L
5868/TAT/HO/09/2022|TI4C|TZ3Q
5868/TAT/HO/09/2022|TI4C|T6W2
5868/TAT/HO/09/2022|TI4C|TP8R
5868/TAT/HO/09/2022|TI4C|TKD7
5868/TAT/HO/09/2022|TI4C|TL29
5868/TAT/HO/09/2022|TI4C|T2WH
5868/TAT/HO/09/2022|TI4C|T8G8
5868/TAT/HO/09/2022|TI4C|TU8P
5868/TAT/HO/09/2022|TI4C|T0NT
5868/TAT/HO/09/2022|TI4C|FXEP
5868/TAT/HO/09/2022|TI4C|T01V
5868/TAT/HO/09/2022|TI4C|TYQG
5868/TAT/HO/09/2022|TI4C|TC6N
5868/TAT/HO/09/2022|TI4C|TN7Z
5868/TAT/HO/09/2022|TI4C|TXNX
5868/TAT/HO/09/2022|TI4C|TCVT
5868/TAT/HO/09/2022|TI4C|TKLT
5868/TAT/HO/09/2022|TI4C|TZL7
5868/TAT/HO/09/2022|TI4C|TWJK
5868/TAT/HO/09/2022|TI4C|T1BE
5868/TAT/HO/09/2022|TI4C|TPVX
5868/TAT/HO/09/2022|TI4C|TPB9
5868/TAT/HO/09/2022|TI4C|T7D1
5868/TAT/HO/09/2022|TI4C|T5CA
5868/TAT/HO/09/2022|TI4C|TGJ1
5868/TAT/HO/09/2022|TI4C|FZON
5868/TAT/HO/09/2022|TI4C|F0QG
5868/TAT/HO/09/2022|TI4C|TNG9
5868/TAT/HO/09/2022|TI4C|FKQE
5868/TAT/HO/09/2022|TI4C|FAOU
5868/TAT/HO/09/2022|TI4C|TSDM
5868/TAT/HO/09/2022|TI4C|FMEX
5868/TAT/HO/09/2022|TI4C|FM93
5868/TAT/HO/09/2022|TI4C|T9NJ
5868/TAT/HO/09/2022|TI4C|TWTN
5868/TAT/HO/09/2022|TI4C|FQC3
5868/TAT/HO/09/2022|TI4C|TXAI
5868/TAT/HO/09/2022|TI4C|T3XJ
5868/TAT/HO/09/2022|TI4C|T5LM
5868/TAT/HO/09/2022|TI4C|TQ2O
5868/TAT/HO/09/2022|TI4C|TAIG
5868/TAT/HO/09/2022|TI4C|TLWS
5868/TAT/HO/09/2022|TI4C|T7QD
5868/TAT/HO/09/2022|TI4C|FPV5
5868/TAT/HO/09/2022|TI4C|TUZ4
5868/TAT/HO/09/2022|TI4C|TG1F
5868/TAT/HO/09/2022|TI4C|TZ3Z
5868/TAT/HO/09/2022|TI4C|F1PF
5868/TAT/HO/09/2022|TI4C|TBDB
5868/TAT/HO/09/2022|TI4C|T9AQ
5868/TAT/HO/09/2022|TI4C|F84E
5868/TAT/HO/09/2022|TI4C|T4DY
5868/TAT/HO/09/2022|TI4C|FNPR
5870/TAT/HO/09/2022|TI4C|F010
5870/TAT/HO/09/2022|TI4C|FKP0
5870/TAT/HO/09/2022|TI4C|F5GE
5870/TAT/HO/09/2022|TI4C|TSUI
5870/TAT/HO/09/2022|TI4C|T1Z1
5870/TAT/HO/09/2022|TI4C|FQ64
5870/TAT/HO/09/2022|TI4C|TCZ1
5870/TAT/HO/09/2022|TI4C|F152
5870/TAT/HO/09/2022|TI4C|TC25
5870/TAT/HO/09/2022|TI4C|T3CQ
5870/TAT/HO/09/2022|TI4C|F193
5870/TAT/HO/09/2022|TI4C|TC42
5870/TAT/HO/09/2022|TI4C|FQEG
5870/TAT/HO/09/2022|TI4C|TC53
5870/TAT/HO/09/2022|TI4C|F237
5870/TAT/HO/09/2022|TI4C|TC56
5870/TAT/HO/09/2022|TI4C|F251
5870/TAT/HO/09/2022|TI4C|F265
5870/TAT/HO/09/2022|TI4C|TC85
5870/TAT/HO/09/2022|TI4C|TNIS
5870/TAT/HO/09/2022|TI4C|F295
5870/TAT/HO/09/2022|TI4C|FB6M
5870/TAT/HO/09/2022|TI4C|F399
5870/TAT/HO/09/2022|TI4C|TBN0
5870/TAT/HO/09/2022|TI4C|F541
5870/TAT/HO/09/2022|TI4C|F556
5870/TAT/HO/09/2022|TI4C|F561
5870/TAT/HO/09/2022|TI4C|F572
5870/TAT/HO/09/2022|TI4C|FORD
5870/TAT/HO/09/2022|TI4C|TGBI
5870/TAT/HO/09/2022|TI4C|R025
5870/TAT/HO/09/2022|TI4C|R029
5870/TAT/HO/09/2022|TI4C|R032
5870/TAT/HO/09/2022|TI4C|R035
5870/TAT/HO/09/2022|TI4C|R042
5870/TAT/HO/09/2022|TI4C|R051
5870/TAT/HO/09/2022|TI4C|TNTG
5870/TAT/HO/09/2022|TI4C|T001
5870/TAT/HO/09/2022|TI4C|T003
5870/TAT/HO/09/2022|TI4C|T011
5870/TAT/HO/09/2022|TI4C|TCML
5870/TAT/HO/09/2022|TI4C|T023
5870/TAT/HO/09/2022|TI4C|T037
5870/TAT/HO/09/2022|TI4C|T046
5870/TAT/HO/09/2022|TI4C|T1KU
5870/TAT/HO/09/2022|TI4C|T116
5870/TAT/HO/09/2022|TI4C|T129
5870/TAT/HO/09/2022|TI4C|T190
5870/TAT/HO/09/2022|TI4C|T211
5870/TAT/HO/09/2022|TI4C|T220
5870/TAT/HO/09/2022|TI4C|T226
5870/TAT/HO/09/2022|TI4C|T242
5870/TAT/HO/09/2022|TI4C|T278
5870/TAT/HO/09/2022|TI4C|T511
5870/TAT/HO/09/2022|TI4C|T4IA
5870/TAT/HO/09/2022|TI4C|F31U
5870/TAT/HO/09/2022|TI4C|T768
5870/TAT/HO/09/2022|TI4C|TGLS
5870/TAT/HO/09/2022|TI4C|T956
5870/TAT/HO/09/2022|TI4C|T959
5870/TAT/HO/09/2022|TI4C|T9SG
5870/TAT/HO/09/2022|TI4C|T971
5870/TAT/HO/09/2022|TI4C|T981
5870/TAT/HO/09/2022|TI4C|T985
5870/TAT/HO/09/2022|TI4C|TFQB
5870/TAT/HO/09/2022|TI4C|TAAL
5870/TAT/HO/09/2022|TI4C|FL28
5870/TAT/HO/09/2022|TI4C|TJ01
5870/TAT/HO/09/2022|TI4C|TP01
5870/TAT/HO/09/2022|TI4C|TALA
5870/TAT/HO/09/2022|TI4C|TB98
5870/TAT/HO/09/2022|TI4C|F715
5870/TAT/HO/09/2022|TI4C|F724
5870/TAT/HO/09/2022|TI4C|F233
5870/TAT/HO/09/2022|TI4C|TUGZ
5870/TAT/HO/09/2022|TI4C|F763
5870/TAT/HO/09/2022|TI4C|TV6J
5870/TAT/HO/09/2022|TI4C|F799
5870/TAT/HO/09/2022|TI4C|F800
5870/TAT/HO/09/2022|TI4C|TLDB
5870/TAT/HO/09/2022|TI4C|T8MS
5870/TAT/HO/09/2022|TI4C|TR80
5870/TAT/HO/09/2022|TI4C|TC07
5870/TAT/HO/09/2022|TI4C|TC08
5870/TAT/HO/09/2022|TI4C|F37L
5870/TAT/HO/09/2022|TI4C|TAV9
5870/TAT/HO/09/2022|TI4C|TC11
5870/TAT/HO/09/2022|TI4C|TC17
5870/TAT/HO/09/2022|TI4C|TC26
5870/TAT/HO/09/2022|TI4C|TC28
5870/TAT/HO/09/2022|TI4C|TC32
5870/TAT/HO/09/2022|TI4C|TORT
5870/TAT/HO/09/2022|TI4C|TTNG
5870/TAT/HO/09/2022|TI4C|TQ1C
5870/TAT/HO/09/2022|TI4C|TC35
5870/TAT/HO/09/2022|TI4C|TC36
5870/TAT/HO/09/2022|TI4C|TC39
5870/TAT/HO/09/2022|TI4C|FL12
5870/TAT/HO/09/2022|TI4C|TC50
5870/TAT/HO/09/2022|TI4C|TC57
5870/TAT/HO/09/2022|TI4C|TC59
5870/TAT/HO/09/2022|TI4C|TC60
5870/TAT/HO/09/2022|TI4C|TC63
5870/TAT/HO/09/2022|TI4C|TC71
5870/TAT/HO/09/2022|TI4C|TC73
5870/TAT/HO/09/2022|TI4C|F87L
5870/TAT/HO/09/2022|TI4C|TC77
5870/TAT/HO/09/2022|TI4C|F75L
5870/TAT/HO/09/2022|TI4C|F18U
5870/TAT/HO/09/2022|TI4C|TC87
5870/TAT/HO/09/2022|TI4C|TC94
5870/TAT/HO/09/2022|TI4C|R087
5870/TAT/HO/09/2022|TI4C|TC97
5870/TAT/HO/09/2022|TI4C|F77A
5870/TAT/HO/09/2022|TI4C|F87A
5870/TAT/HO/09/2022|TI4C|TU0U
5870/TAT/HO/09/2022|TI4C|T0C4
5870/TAT/HO/09/2022|TI4C|T06C
5870/TAT/HO/09/2022|TI4C|T11C
5870/TAT/HO/09/2022|TI4C|T98C
5870/TAT/HO/09/2022|TI4C|TPT2
5870/TAT/HO/09/2022|TI4C|TPA9
5870/TAT/HO/09/2022|TI4C|FE26
5870/TAT/HO/09/2022|TI4C|FE27
5870/TAT/HO/09/2022|TI4C|TK02
5870/TAT/HO/09/2022|TI4C|TK04
5870/TAT/HO/09/2022|TI4C|TK05
5870/TAT/HO/09/2022|TI4C|T02K
5870/TAT/HO/09/2022|TI4C|TK00
5870/TAT/HO/09/2022|TI4C|TA3P
5870/TAT/HO/09/2022|TI4C|TFVH
5870/TAT/HO/09/2022|TI4C|T15K
5870/TAT/HO/09/2022|TI4C|T17K
5870/TAT/HO/09/2022|TI4C|T18K
5870/TAT/HO/09/2022|TI4C|T26K
5870/TAT/HO/09/2022|TI4C|T27K
5870/TAT/HO/09/2022|TI4C|T28K
5870/TAT/HO/09/2022|TI4C|T37K
5870/TAT/HO/09/2022|TI4C|T38K
5870/TAT/HO/09/2022|TI4C|TE5C
5870/TAT/HO/09/2022|TI4C|R104
5870/TAT/HO/09/2022|TI4C|TE9C
5870/TAT/HO/09/2022|TI4C|TWDS
5870/TAT/HO/09/2022|TI4C|T54K
5870/TAT/HO/09/2022|TI4C|THC0
5870/TAT/HO/09/2022|TI4C|FT56
5870/TAT/HO/09/2022|TI4C|THC1
5870/TAT/HO/09/2022|TI4C|THC2
5870/TAT/HO/09/2022|TI4C|T67K
5870/TAT/HO/09/2022|TI4C|TB07
5870/TAT/HO/09/2022|TI4C|FT18
5870/TAT/HO/09/2022|TI4C|TB28
5870/TAT/HO/09/2022|TI4C|TB29
5870/TAT/HO/09/2022|TI4C|TB49
5870/TAT/HO/09/2022|TI4C|TTSL
5870/TAT/HO/09/2022|TI4C|TB52
5870/TAT/HO/09/2022|TI4C|TB55
5870/TAT/HO/09/2022|TI4C|TB69
5870/TAT/HO/09/2022|TI4C|TB70
5870/TAT/HO/09/2022|TI4C|TB71
5870/TAT/HO/09/2022|TI4C|TQ03
5870/TAT/HO/09/2022|TI4C|TSCT
5870/TAT/HO/09/2022|TI4C|T01B
5870/TAT/HO/09/2022|TI4C|T02B
5870/TAT/HO/09/2022|TI4C|TG26
5870/TAT/HO/09/2022|TI4C|T06B
5870/TAT/HO/09/2022|TI4C|T08B
5870/TAT/HO/09/2022|TI4C|T09B
5870/TAT/HO/09/2022|TI4C|FV73
5870/TAT/HO/09/2022|TI4C|TXK1
5870/TAT/HO/09/2022|TI4C|T13B
5870/TAT/HO/09/2022|TI4C|T15B
5870/TAT/HO/09/2022|TI4C|T16B
5870/TAT/HO/09/2022|TI4C|T18B
5870/TAT/HO/09/2022|TI4C|T19B
5870/TAT/HO/09/2022|TI4C|T21B
5870/TAT/HO/09/2022|TI4C|T24B
5870/TAT/HO/09/2022|TI4C|T51G
5870/TAT/HO/09/2022|TI4C|T53G
5870/TAT/HO/09/2022|TI4C|T53B
5870/TAT/HO/09/2022|TI4C|T58B
5870/TAT/HO/09/2022|TI4C|T59B
5870/TAT/HO/09/2022|TI4C|T60B
5870/TAT/HO/09/2022|TI4C|T61B
5870/TAT/HO/09/2022|TI4C|FD43
5870/TAT/HO/09/2022|TI4C|T84B
5870/TAT/HO/09/2022|TI4C|T94B
5870/TAT/HO/09/2022|TI4C|T04D
5870/TAT/HO/09/2022|TI4C|T09D
5870/TAT/HO/09/2022|TI4C|T10D
5870/TAT/HO/09/2022|TI4C|FD81
5870/TAT/HO/09/2022|TI4C|TRQ7
5870/TAT/HO/09/2022|TI4C|TRQ8
5870/TAT/HO/09/2022|TI4C|T29D
5870/TAT/HO/09/2022|TI4C|T30D
5870/TAT/HO/09/2022|TI4C|TRV0
5870/TAT/HO/09/2022|TI4C|T52D
5870/TAT/HO/09/2022|TI4C|T69D
5870/TAT/HO/09/2022|TI4C|T77D
5870/TAT/HO/09/2022|TI4C|T78D
5870/TAT/HO/09/2022|TI4C|T79D
5870/TAT/HO/09/2022|TI4C|T84D
5870/TAT/HO/09/2022|TI4C|T96D
5870/TAT/HO/09/2022|TI4C|T97D
5870/TAT/HO/09/2022|TI4C|T12Q
5870/TAT/HO/09/2022|TI4C|T13Q
5870/TAT/HO/09/2022|TI4C|T15Q
5870/TAT/HO/09/2022|TI4C|T21Q
5870/TAT/HO/09/2022|TI4C|T51Q
5870/TAT/HO/09/2022|TI4C|T85Q
5870/TAT/HO/09/2022|TI4C|T92Q
5870/TAT/HO/09/2022|TI4C|T93Q
5870/TAT/HO/09/2022|TI4C|T94Q
5870/TAT/HO/09/2022|TI4C|T99K
5870/TAT/HO/09/2022|TI4C|FQ82
5870/TAT/HO/09/2022|TI4C|FQ84
5870/TAT/HO/09/2022|TI4C|TK29
5870/TAT/HO/09/2022|TI4C|FD4Z
5870/TAT/HO/09/2022|TI4C|TL79
5870/TAT/HO/09/2022|TI4C|TR36
5870/TAT/HO/09/2022|TI4C|TR50
5870/TAT/HO/09/2022|TI4C|TR59
5870/TAT/HO/09/2022|TI4C|TR96
5870/TAT/HO/09/2022|TI4C|TS86
5870/TAT/HO/09/2022|TI4C|F6WD
5870/TAT/HO/09/2022|TI4C|TS90
5870/TAT/HO/09/2022|TI4C|TS96
5870/TAT/HO/09/2022|TI4C|T48T
5870/TAT/HO/09/2022|TI4C|T51T
5870/TAT/HO/09/2022|TI4C|T52T
5870/TAT/HO/09/2022|TI4C|T63T
5870/TAT/HO/09/2022|TI4C|T77T
5870/TAT/HO/09/2022|TI4C|T83T
5870/TAT/HO/09/2022|TI4C|F96Q
5870/TAT/HO/09/2022|TI4C|TWM3
5870/TAT/HO/09/2022|TI4C|TT90
5870/TAT/HO/09/2022|TI4C|T36G
5870/TAT/HO/09/2022|TI4C|T00O
5870/TAT/HO/09/2022|TI4C|TE2F
5870/TAT/HO/09/2022|TI4C|FA44
5870/TAT/HO/09/2022|TI4C|T2RO
5870/TAT/HO/09/2022|TI4C|TT1U
5870/TAT/HO/09/2022|TI4C|TJ7X
5870/TAT/HO/09/2022|TI4C|TL3I
5870/TAT/HO/09/2022|TI4C|TYRO
5870/TAT/HO/09/2022|TI4C|TTZP
5870/TAT/HO/09/2022|TI4C|TASC
5870/TAT/HO/09/2022|TI4C|TX9Z
5870/TAT/HO/09/2022|TI4C|TM8Y
5870/TAT/HO/09/2022|TI4C|TPTN
5870/TAT/HO/09/2022|TI4C|TGG0
5870/TAT/HO/09/2022|TI4C|T03W
5870/TAT/HO/09/2022|TI4C|TUP7
5870/TAT/HO/09/2022|TI4C|TLO9
5870/TAT/HO/09/2022|TI4C|FKZ4
5870/TAT/HO/09/2022|TI4C|TA8N
5870/TAT/HO/09/2022|TI4C|FEMX
5870/TAT/HO/09/2022|TI4C|TY9P
5870/TAT/HO/09/2022|TI4C|TLSA
5870/TAT/HO/09/2022|TI4C|T3BN
5870/TAT/HO/09/2022|TI4C|T305
5870/TAT/HO/09/2022|TI4C|F9J6
5870/TAT/HO/09/2022|TI4C|TS1S
5870/TAT/HO/09/2022|TI4C|TJKC
5870/TAT/HO/09/2022|TI4C|TWLY
5870/TAT/HO/09/2022|TI4C|TWXJ
5870/TAT/HO/09/2022|TI4C|RBO7
5870/TAT/HO/09/2022|TI4C|TXD6
5870/TAT/HO/09/2022|TI4C|TBOL
5870/TAT/HO/09/2022|TI4C|TE5J
5870/TAT/HO/09/2022|TI4C|TAMC
5870/TAT/HO/09/2022|TI4C|TAS3
5870/TAT/HO/09/2022|TI4C|T6EB
5870/TAT/HO/09/2022|TI4C|T7IP
5870/TAT/HO/09/2022|TI4C|TGRR
5870/TAT/HO/09/2022|TI4C|TJLJ
5870/TAT/HO/09/2022|TI4C|TGUG
5870/TAT/HO/09/2022|TI4C|TO73
5870/TAT/HO/09/2022|TI4C|FUYU
5870/TAT/HO/09/2022|TI4C|T8ND
5870/TAT/HO/09/2022|TI4C|TEG3
5870/TAT/HO/09/2022|TI4C|TOTA
5870/TAT/HO/09/2022|TI4C|TOLA
5870/TAT/HO/09/2022|TI4C|TOPS
5870/TAT/HO/09/2022|TI4C|F4UR
5870/TAT/HO/09/2022|TI4C|FIBO
5870/TAT/HO/09/2022|TI4C|TGAL
5870/TAT/HO/09/2022|TI4C|TALE
5870/TAT/HO/09/2022|TI4C|TAPE
5870/TAT/HO/09/2022|TI4C|T4RI
5870/TAT/HO/09/2022|TI4C|F4DC
5870/TAT/HO/09/2022|TI4C|TEBI
5870/TAT/HO/09/2022|TI4C|T2T2
5870/TAT/HO/09/2022|TI4C|TADT
5870/TAT/HO/09/2022|TI4C|FTTM
5870/TAT/HO/09/2022|TI4C|T4BU
5870/TAT/HO/09/2022|TI4C|TM5D
5870/TAT/HO/09/2022|TI4C|TTP7
5870/TAT/HO/09/2022|TI4C|F2AC
5870/TAT/HO/09/2022|TI4C|TTR1
5870/TAT/HO/09/2022|TI4C|TNDU
5870/TAT/HO/09/2022|TI4C|TNRB
5870/TAT/HO/09/2022|TI4C|TZUT
5870/TAT/HO/09/2022|TI4C|FEZE
5870/TAT/HO/09/2022|TI4C|FEND
5870/TAT/HO/09/2022|TI4C|T4AO
5870/TAT/HO/09/2022|TI4C|FUDF
5870/TAT/HO/09/2022|TI4C|F3GY
5870/TAT/HO/09/2022|TI4C|FTHN
5870/TAT/HO/09/2022|TI4C|T0Q7
5870/TAT/HO/09/2022|TI4C|TJN2
5870/TAT/HO/09/2022|TI4C|TOTU
5870/TAT/HO/09/2022|TI4C|TJIN
5870/TAT/HO/09/2022|TI4C|T8T9
5870/TAT/HO/09/2022|TI4C|TYMY
5870/TAT/HO/09/2022|TI4C|T4RG
5870/TAT/HO/09/2022|TI4C|THT1
5870/TAT/HO/09/2022|TI4C|TKLG
5870/TAT/HO/09/2022|TI4C|TEMP
5870/TAT/HO/09/2022|TI4C|TKAK
5870/TAT/HO/09/2022|TI4C|T89M
5870/TAT/HO/09/2022|TI4C|T31W
5870/TAT/HO/09/2022|TI4C|TSB6
5870/TAT/HO/09/2022|TI4C|TAUP
5870/TAT/HO/09/2022|TI4C|FRSI
5870/TAT/HO/09/2022|TI4C|T7XU
5870/TAT/HO/09/2022|TI4C|T4S6
5870/TAT/HO/09/2022|TI4C|TNE4
5870/TAT/HO/09/2022|TI4C|T3JU
5870/TAT/HO/09/2022|TI4C|T6MQ
5870/TAT/HO/09/2022|TI4C|FMYW
5870/TAT/HO/09/2022|TI4C|TB7X
5870/TAT/HO/09/2022|TI4C|TO4K
5870/TAT/HO/09/2022|TI4C|T8GS
5870/TAT/HO/09/2022|TI4C|TO7B
5870/TAT/HO/09/2022|TI4C|TC7S
5870/TAT/HO/09/2022|TI4C|TRFN
5870/TAT/HO/09/2022|TI4C|TQ8D
5870/TAT/HO/09/2022|TI4C|TNZ1
5870/TAT/HO/09/2022|TI4C|TUNB
5870/TAT/HO/09/2022|TI4C|TPML
5870/TAT/HO/09/2022|TI4C|TU6S
5870/TAT/HO/09/2022|TI4C|T5T3
5870/TAT/HO/09/2022|TI4C|T5R6
5870/TAT/HO/09/2022|TI4C|TQPO
5870/TAT/HO/09/2022|TI4C|TCRN
5870/TAT/HO/09/2022|TI4C|TCMJ
5870/TAT/HO/09/2022|TI4C|TP0K
5870/TAT/HO/09/2022|TI4C|TAP5
5870/TAT/HO/09/2022|TI4C|TBOI
5870/TAT/HO/09/2022|TI4C|TBSA
5870/TAT/HO/09/2022|TI4C|T5LG
5870/TAT/HO/09/2022|TI4C|FNZY
5870/TAT/HO/09/2022|TI4C|TMXK
5870/TAT/HO/09/2022|TI4C|TP7F
5870/TAT/HO/09/2022|TI4C|FLY0
5870/TAT/HO/09/2022|TI4C|TITB
5870/TAT/HO/09/2022|TI4C|TWN1
5870/TAT/HO/09/2022|TI4C|TXR0
5870/TAT/HO/09/2022|TI4C|TK2S
5870/TAT/HO/09/2022|TI4C|TDEN
5870/TAT/HO/09/2022|TI4C|FEIE
5870/TAT/HO/09/2022|TI4C|TKQP
5870/TAT/HO/09/2022|TI4C|FOEY
5870/TAT/HO/09/2022|TI4C|FN54
5870/TAT/HO/09/2022|TI4C|TSYK
5870/TAT/HO/09/2022|TI4C|TFOO
5870/TAT/HO/09/2022|TI4C|T8OM
5870/TAT/HO/09/2022|TI4C|T9IR
5870/TAT/HO/09/2022|TI4C|TSLT
5870/TAT/HO/09/2022|TI4C|TO1A
5870/TAT/HO/09/2022|TI4C|TRV9
5870/TAT/HO/09/2022|TI4C|TT1G
5870/TAT/HO/09/2022|TI4C|T2Z0
5870/TAT/HO/09/2022|TI4C|TOPY
5870/TAT/HO/09/2022|TI4C|TCUO
5870/TAT/HO/09/2022|TI4C|TJJU
5870/TAT/HO/09/2022|TI4C|T71P
5870/TAT/HO/09/2022|TI4C|FZXM
5870/TAT/HO/09/2022|TI4C|TO07
5870/TAT/HO/09/2022|TI4C|FBFX
5870/TAT/HO/09/2022|TI4C|T4AK
5870/TAT/HO/09/2022|TI4C|TGV7
5870/TAT/HO/09/2022|TI4C|TU0I
5870/TAT/HO/09/2022|TI4C|TR0C
5870/TAT/HO/09/2022|TI4C|TP3L
5870/TAT/HO/09/2022|TI4C|T94S
5870/TAT/HO/09/2022|TI4C|TK0Z
5870/TAT/HO/09/2022|TI4C|T6ZO
5870/TAT/HO/09/2022|TI4C|T6YZ
5870/TAT/HO/09/2022|TI4C|TGEY
5870/TAT/HO/09/2022|TI4C|T5WI
5870/TAT/HO/09/2022|TI4C|TITX
5870/TAT/HO/09/2022|TI4C|TUNC
5870/TAT/HO/09/2022|TI4C|F86T
5870/TAT/HO/09/2022|TI4C|FRJ0
5870/TAT/HO/09/2022|TI4C|T8B7
5870/TAT/HO/09/2022|TI4C|FYSM
5870/TAT/HO/09/2022|TI4C|TZGC
5870/TAT/HO/09/2022|TI4C|T6YY
5870/TAT/HO/09/2022|TI4C|TWKM
5870/TAT/HO/09/2022|TI4C|T8E8
5870/TAT/HO/09/2022|TI4C|TR0X
5870/TAT/HO/09/2022|TI4C|TC1N
5870/TAT/HO/09/2022|TI4C|TRMR
5870/TAT/HO/09/2022|TI4C|TIMP
5870/TAT/HO/09/2022|TI4C|FHMH
5870/TAT/HO/09/2022|TI4C|T0D9
5870/TAT/HO/09/2022|TI4C|FUFF
5870/TAT/HO/09/2022|TI4C|FU16
5870/TAT/HO/09/2022|TI4C|TI61
5870/TAT/HO/09/2022|TI4C|FLIX
5870/TAT/HO/09/2022|TI4C|T39N
5870/TAT/HO/09/2022|TI4C|TN4C
5870/TAT/HO/09/2022|TI4C|TKU7
5870/TAT/HO/09/2022|TI4C|TBBC
5870/TAT/HO/09/2022|TI4C|T2Y2
5870/TAT/HO/09/2022|TI4C|TYCB
5870/TAT/HO/09/2022|TI4C|TA8F
5870/TAT/HO/09/2022|TI4C|TNWV
5870/TAT/HO/09/2022|TI4C|TT3K
5870/TAT/HO/09/2022|TI4C|TOKX
5870/TAT/HO/09/2022|TI4C|FQW9
5870/TAT/HO/09/2022|TI4C|T7E6
5870/TAT/HO/09/2022|TI4C|TM3V
5870/TAT/HO/09/2022|TI4C|TME3
5870/TAT/HO/09/2022|TI4C|TTXG
5870/TAT/HO/09/2022|TI4C|T1BP
5870/TAT/HO/09/2022|TI4C|TEYA
5870/TAT/HO/09/2022|TI4C|TG0F
5870/TAT/HO/09/2022|TI4C|TANE
5870/TAT/HO/09/2022|TI4C|TNER
5870/TAT/HO/09/2022|TI4C|TAPP
5870/TAT/HO/09/2022|TI4C|TT2D
5870/TAT/HO/09/2022|TI4C|TBPW
5870/TAT/HO/09/2022|TI4C|TUX2
5870/TAT/HO/09/2022|TI4C|TK1U
5870/TAT/HO/09/2022|TI4C|TSUG
5870/TAT/HO/09/2022|TI4C|F4O3
5870/TAT/HO/09/2022|TI4C|TAYI
5870/TAT/HO/09/2022|TI4C|TEYU
5870/TAT/HO/09/2022|TI4C|T72O
5870/TAT/HO/09/2022|TI4C|TMDS
5870/TAT/HO/09/2022|TI4C|TEHO
5870/TAT/HO/09/2022|TI4C|TDUB
5870/TAT/HO/09/2022|TI4C|T14Y
5870/TAT/HO/09/2022|TI4C|TJKT
5870/TAT/HO/09/2022|TI4C|T6GD
5870/TAT/HO/09/2022|TI4C|TRR6
5870/TAT/HO/09/2022|TI4C|TUCY
5870/TAT/HO/09/2022|TI4C|TCD7
5870/TAT/HO/09/2022|TI4C|T7EK
5870/TAT/HO/09/2022|TI4C|TK9F
5870/TAT/HO/09/2022|TI4C|TCFG
5870/TAT/HO/09/2022|TI4C|T0GO
5870/TAT/HO/09/2022|TI4C|TTDQ
5870/TAT/HO/09/2022|TI4C|TRZA
5870/TAT/HO/09/2022|TI4C|T2NL
5870/TAT/HO/09/2022|TI4C|TI1A
5870/TAT/HO/09/2022|TI4C|TUW1
5870/TAT/HO/09/2022|TI4C|TUBH
5870/TAT/HO/09/2022|TI4C|TN86
5870/TAT/HO/09/2022|TI4C|FAY2
5870/TAT/HO/09/2022|TI4C|TJC5
5870/TAT/HO/09/2022|TI4C|TVC7
5870/TAT/HO/09/2022|TI4C|T1WM
5870/TAT/HO/09/2022|TI4C|TTIV
5870/TAT/HO/09/2022|TI4C|TKCK
5870/TAT/HO/09/2022|TI4C|TABX
5870/TAT/HO/09/2022|TI4C|T8MF
5870/TAT/HO/09/2022|TI4C|TDPU
5870/TAT/HO/09/2022|TI4C|TTP8
5870/TAT/HO/09/2022|TI4C|TXM0
5870/TAT/HO/09/2022|TI4C|T9W2
5870/TAT/HO/09/2022|TI4C|TN9E
5870/TAT/HO/09/2022|TI4C|FJ01
5870/TAT/HO/09/2022|TI4C|TW1R
5870/TAT/HO/09/2022|TI4C|T94H
5870/TAT/HO/09/2022|TI4C|TDF9
5870/TAT/HO/09/2022|TI4C|T099
5870/TAT/HO/09/2022|TI4C|T66A
5870/TAT/HO/09/2022|TI4C|TA2S
5870/TAT/HO/09/2022|TI4C|TKTC
5870/TAT/HO/09/2022|TI4C|TVTJ
5870/TAT/HO/09/2022|TI4C|TD2R
5870/TAT/HO/09/2022|TI4C|T018
5870/TAT/HO/09/2022|TI4C|TX9C
5870/TAT/HO/09/2022|TI4C|TVH5
5870/TAT/HO/09/2022|TI4C|THOQ
5870/TAT/HO/09/2022|TI4C|TLUJ
5870/TAT/HO/09/2022|TI4C|TSHY
5870/TAT/HO/09/2022|TI4C|T8RR
5870/TAT/HO/09/2022|TI4C|T9LS
5870/TAT/HO/09/2022|TI4C|TU8U
5870/TAT/HO/09/2022|TI4C|TVVL
5870/TAT/HO/09/2022|TI4C|T6ON
5870/TAT/HO/09/2022|TI4C|T0QC
5870/TAT/HO/09/2022|TI4C|F8IN
5870/TAT/HO/09/2022|TI4C|T6IT
5870/TAT/HO/09/2022|TI4C|TSKM
5870/TAT/HO/09/2022|TI4C|TUK3
5870/TAT/HO/09/2022|TI4C|TJM6
5870/TAT/HO/09/2022|TI4C|TWKT
5870/TAT/HO/09/2022|TI4C|TAWE
5870/TAT/HO/09/2022|TI4C|TDR6
5870/TAT/HO/09/2022|TI4C|TSUZ
5870/TAT/HO/09/2022|TI4C|TA1R
5870/TAT/HO/09/2022|TI4C|FRE4
5870/TAT/HO/09/2022|TI4C|TIL2
5870/TAT/HO/09/2022|TI4C|TH1Z
5870/TAT/HO/09/2022|TI4C|TOW0
5870/TAT/HO/09/2022|TI4C|FBRA
5870/TAT/HO/09/2022|TI4C|TJRT
5870/TAT/HO/09/2022|TI4C|TF7W
5870/TAT/HO/09/2022|TI4C|TXOJ
5870/TAT/HO/09/2022|TI4C|TONF
5870/TAT/HO/09/2022|TI4C|FJP1
5870/TAT/HO/09/2022|TI4C|FH8A
5870/TAT/HO/09/2022|TI4C|TLVY
5870/TAT/HO/09/2022|TI4C|T54P
5870/TAT/HO/09/2022|TI4C|T8IC
5870/TAT/HO/09/2022|TI4C|T5GV
5870/TAT/HO/09/2022|TI4C|T8QS
5870/TAT/HO/09/2022|TI4C|TPS9
5870/TAT/HO/09/2022|TI4C|TIRU
5870/TAT/HO/09/2022|TI4C|TIAZ
5870/TAT/HO/09/2022|TI4C|TEQI
5870/TAT/HO/09/2022|TI4C|TL9S
5870/TAT/HO/09/2022|TI4C|TCIU
5870/TAT/HO/09/2022|TI4C|FTNT
5870/TAT/HO/09/2022|TI4C|T5PE
5870/TAT/HO/09/2022|TI4C|TTUU
5870/TAT/HO/09/2022|TI4C|T80O
5870/TAT/HO/09/2022|TI4C|T12M
5870/TAT/HO/09/2022|TI4C|FR0R
5870/TAT/HO/09/2022|TI4C|FCDM
5870/TAT/HO/09/2022|TI4C|TQRC
5870/TAT/HO/09/2022|TI4C|TFSV
5870/TAT/HO/09/2022|TI4C|TXQL
5870/TAT/HO/09/2022|TI4C|TK1R
5870/TAT/HO/09/2022|TI4C|TAPQ
5870/TAT/HO/09/2022|TI4C|TS8Q
5870/TAT/HO/09/2022|TI4C|TS3N
5870/TAT/HO/09/2022|TI4C|TQS4
5870/TAT/HO/09/2022|TI4C|TGCU
5870/TAT/HO/09/2022|TI4C|F2RP
5870/TAT/HO/09/2022|TI4C|TTML
5870/TAT/HO/09/2022|TI4C|T6NJ
5870/TAT/HO/09/2022|TI4C|TIUU
5870/TAT/HO/09/2022|TI4C|TNMO
5870/TAT/HO/09/2022|TI4C|T3P1
5870/TAT/HO/09/2022|TI4C|TA1U
5870/TAT/HO/09/2022|TI4C|TT5Y
5870/TAT/HO/09/2022|TI4C|FEZ4
5870/TAT/HO/09/2022|TI4C|THHN
5870/TAT/HO/09/2022|TI4C|TWAE
5870/TAT/HO/09/2022|TI4C|TDOB
5870/TAT/HO/09/2022|TI4C|TR0N
5870/TAT/HO/09/2022|TI4C|TYY6
5870/TAT/HO/09/2022|TI4C|TNLK
5870/TAT/HO/09/2022|TI4C|TALS
5870/TAT/HO/09/2022|TI4C|TCS9
5870/TAT/HO/09/2022|TI4C|TLMI
5870/TAT/HO/09/2022|TI4C|T8KB
5870/TAT/HO/09/2022|TI4C|F66V
5870/TAT/HO/09/2022|TI4C|TINN
5870/TAT/HO/09/2022|TI4C|FAR6
5870/TAT/HO/09/2022|TI4C|THGP
5870/TAT/HO/09/2022|TI4C|FCS6
5870/TAT/HO/09/2022|TI4C|TTWU
5870/TAT/HO/09/2022|TI4C|T9KL
5870/TAT/HO/09/2022|TI4C|TPT7
5870/TAT/HO/09/2022|TI4C|TQQM
5870/TAT/HO/09/2022|TI4C|T8CO
5870/TAT/HO/09/2022|TI4C|TEVD
5870/TAT/HO/09/2022|TI4C|T5J3
5870/TAT/HO/09/2022|TI4C|TA5N
5870/TAT/HO/09/2022|TI4C|TA9P
5870/TAT/HO/09/2022|TI4C|TENT
5870/TAT/HO/09/2022|TI4C|T1Y3
5870/TAT/HO/09/2022|TI4C|TVNQ
5870/TAT/HO/09/2022|TI4C|TH3W
5870/TAT/HO/09/2022|TI4C|THI6
5870/TAT/HO/09/2022|TI4C|TT2K
5870/TAT/HO/09/2022|TI4C|TD4Y
5870/TAT/HO/09/2022|TI4C|TM68
5870/TAT/HO/09/2022|TI4C|T62R
5870/TAT/HO/09/2022|TI4C|FH69
5870/TAT/HO/09/2022|TI4C|TB3Q
5870/TAT/HO/09/2022|TI4C|TN0W
5870/TAT/HO/09/2022|TI4C|TK2R
5870/TAT/HO/09/2022|TI4C|TTAP
5870/TAT/HO/09/2022|TI4C|TT9E
5870/TAT/HO/09/2022|TI4C|TP8L
5870/TAT/HO/09/2022|TI4C|T4VN
5870/TAT/HO/09/2022|TI4C|T65C
5870/TAT/HO/09/2022|TI4C|TZGZ
5870/TAT/HO/09/2022|TI4C|TLJ2
5870/TAT/HO/09/2022|TI4C|TFPC
5870/TAT/HO/09/2022|TI4C|T8RY
5870/TAT/HO/09/2022|TI4C|TXRS
5870/TAT/HO/09/2022|TI4C|TLSJ
5870/TAT/HO/09/2022|TI4C|TNUN
5870/TAT/HO/09/2022|TI4C|T1RV
5870/TAT/HO/09/2022|TI4C|T9EW
5870/TAT/HO/09/2022|TI4C|TELA
5870/TAT/HO/09/2022|TI4C|TUQZ
5870/TAT/HO/09/2022|TI4C|TCLQ
5870/TAT/HO/09/2022|TI4C|TSDR
5870/TAT/HO/09/2022|TI4C|T1GN
5870/TAT/HO/09/2022|TI4C|T30I
5870/TAT/HO/09/2022|TI4C|
5870/TAT/HO/09/2022|TI4C|T594
5870/TAT/HO/09/2022|TI4C|TL6P
5870/TAT/HO/09/2022|TI4C|T2LU
5870/TAT/HO/09/2022|TI4C|TY4K
5870/TAT/HO/09/2022|TI4C|FUQI
5870/TAT/HO/09/2022|TI4C|T5KO
5870/TAT/HO/09/2022|TI4C|TRIY
5870/TAT/HO/09/2022|TI4C|TEAT
5870/TAT/HO/09/2022|TI4C|TMPX
5870/TAT/HO/09/2022|TI4C|TOLE
5870/TAT/HO/09/2022|TI4C|T0MY
5870/TAT/HO/09/2022|TI4C|FUUD
5870/TAT/HO/09/2022|TI4C|FUUZ
5870/TAT/HO/09/2022|TI4C|TJPO
5870/TAT/HO/09/2022|TI4C|T98I
5870/TAT/HO/09/2022|TI4C|TTEQ
5870/TAT/HO/09/2022|TI4C|FFDQ
5870/TAT/HO/09/2022|TI4C|TMBT
5870/TAT/HO/09/2022|TI4C|TML2
5870/TAT/HO/09/2022|TI4C|T170
5870/TAT/HO/09/2022|TI4C|TEDC
5870/TAT/HO/09/2022|TI4C|FTMD
5870/TAT/HO/09/2022|TI4C|TMLV
5870/TAT/HO/09/2022|TI4C|T42P
5870/TAT/HO/09/2022|TI4C|F21S
5870/TAT/HO/09/2022|TI4C|TKU2
5870/TAT/HO/09/2022|TI4C|TIRP
5870/TAT/HO/09/2022|TI4C|TMOF
5870/TAT/HO/09/2022|TI4C|TLQP
5870/TAT/HO/09/2022|TI4C|TU5K
5870/TAT/HO/09/2022|TI4C|FBOO
5870/TAT/HO/09/2022|TI4C|TJXO
5870/TAT/HO/09/2022|TI4C|TL0T
5870/TAT/HO/09/2022|TI4C|TDKX
5870/TAT/HO/09/2022|TI4C|TKPH
5870/TAT/HO/09/2022|TI4C|TTPB
5870/TAT/HO/09/2022|TI4C|FBLA
5870/TAT/HO/09/2022|TI4C|TLRF
5870/TAT/HO/09/2022|TI4C|TTMJ
5870/TAT/HO/09/2022|TI4C|TSJJ
5870/TAT/HO/09/2022|TI4C|TM2S
5870/TAT/HO/09/2022|TI4C|TBUF
5870/TAT/HO/09/2022|TI4C|TZT9
5870/TAT/HO/09/2022|TI4C|T800
5870/TAT/HO/09/2022|TI4C|TJHH
5870/TAT/HO/09/2022|TI4C|TO37
5870/TAT/HO/09/2022|TI4C|T8RU
5870/TAT/HO/09/2022|TI4C|T9NH
5870/TAT/HO/09/2022|TI4C|T2CQ
5870/TAT/HO/09/2022|TI4C|TTSH
5870/TAT/HO/09/2022|TI4C|TGNS
5870/TAT/HO/09/2022|TI4C|TF5V
5870/TAT/HO/09/2022|TI4C|TOMR
5870/TAT/HO/09/2022|TI4C|TY0F
5870/TAT/HO/09/2022|TI4C|TUHG
5870/TAT/HO/09/2022|TI4C|FODP
5870/TAT/HO/09/2022|TI4C|TNZQ
5870/TAT/HO/09/2022|TI4C|FH16
5870/TAT/HO/09/2022|TI4C|T8ZQ
5870/TAT/HO/09/2022|TI4C|TDTG
5870/TAT/HO/09/2022|TI4C|T2DO
5870/TAT/HO/09/2022|TI4C|TA1I
5870/TAT/HO/09/2022|TI4C|T9QR
5870/TAT/HO/09/2022|TI4C|T2YF
5870/TAT/HO/09/2022|TI4C|F7A2
5870/TAT/HO/09/2022|TI4C|TXXH
5870/TAT/HO/09/2022|TI4C|TOPT
5870/TAT/HO/09/2022|TI4C|TAQ1
5870/TAT/HO/09/2022|TI4C|T0N8
5870/TAT/HO/09/2022|TI4C|FO2L
5870/TAT/HO/09/2022|TI4C|TZ3Q
5870/TAT/HO/09/2022|TI4C|T6W2
5870/TAT/HO/09/2022|TI4C|TP8R
5870/TAT/HO/09/2022|TI4C|TKD7
5870/TAT/HO/09/2022|TI4C|TL29
5870/TAT/HO/09/2022|TI4C|T2WH
5870/TAT/HO/09/2022|TI4C|T8G8
5870/TAT/HO/09/2022|TI4C|TU8P
5870/TAT/HO/09/2022|TI4C|T0NT
5870/TAT/HO/09/2022|TI4C|FXEP
5870/TAT/HO/09/2022|TI4C|T01V
5870/TAT/HO/09/2022|TI4C|TYQG
5870/TAT/HO/09/2022|TI4C|TC6N
5870/TAT/HO/09/2022|TI4C|TN7Z
5870/TAT/HO/09/2022|TI4C|TXNX
5870/TAT/HO/09/2022|TI4C|TCVT
5870/TAT/HO/09/2022|TI4C|TKLT
5870/TAT/HO/09/2022|TI4C|TZL7
5870/TAT/HO/09/2022|TI4C|TWJK
5870/TAT/HO/09/2022|TI4C|T1BE
5870/TAT/HO/09/2022|TI4C|TPVX
5870/TAT/HO/09/2022|TI4C|TPB9
5870/TAT/HO/09/2022|TI4C|T7D1
5870/TAT/HO/09/2022|TI4C|T5CA
5870/TAT/HO/09/2022|TI4C|TGJ1
5870/TAT/HO/09/2022|TI4C|FZON
5870/TAT/HO/09/2022|TI4C|F0QG
5870/TAT/HO/09/2022|TI4C|TNG9
5870/TAT/HO/09/2022|TI4C|FKQE
5870/TAT/HO/09/2022|TI4C|FAOU
5870/TAT/HO/09/2022|TI4C|TSDM
5870/TAT/HO/09/2022|TI4C|FMEX
5870/TAT/HO/09/2022|TI4C|FM93
5870/TAT/HO/09/2022|TI4C|T9NJ
5870/TAT/HO/09/2022|TI4C|TWTN
5870/TAT/HO/09/2022|TI4C|FQC3
5870/TAT/HO/09/2022|TI4C|TXAI
5870/TAT/HO/09/2022|TI4C|T3XJ
5870/TAT/HO/09/2022|TI4C|T5LM
5870/TAT/HO/09/2022|TI4C|TQ2O
5870/TAT/HO/09/2022|TI4C|TAIG
5870/TAT/HO/09/2022|TI4C|TLWS
5870/TAT/HO/09/2022|TI4C|T7QD
5870/TAT/HO/09/2022|TI4C|FPV5
5870/TAT/HO/09/2022|TI4C|TUZ4
5870/TAT/HO/09/2022|TI4C|TG1F
5870/TAT/HO/09/2022|TI4C|TZ3Z
5870/TAT/HO/09/2022|TI4C|F1PF
5870/TAT/HO/09/2022|TI4C|TBDB
5870/TAT/HO/09/2022|TI4C|T9AQ
5870/TAT/HO/09/2022|TI4C|F84E
5870/TAT/HO/09/2022|TI4C|T4DY
5870/TAT/HO/09/2022|TI4C|FNPR
5980/TAT/HO/09/2022|TZL7|TB52
5980/TAT/HO/09/2022|T1BE|T96D
